Company,Valuation,Date,Country,City,Industry,Investors
Bytedance,140.0,4/7/2017,China,Beijing,Artificial intelligence,"['SequoiaCapitalChina', 'SIGAsiaInvestments']"
SpaceX,100.3,12/1/2012,United States,Hawthorne,Other,"['FoundersFund', 'DraperFisherJurvetson']"
Stripe,95.0,1/23/2014,United States,San Francisco,Fintech,"['KhoslaVentures', 'LowercaseCapital', 'capitalG']"
Klarna,45.6,12/12/2011,Sweden,Stockholm,Fintech,['InstitutionalVenturePartners']
Canva,40.0,1/8/2018,Australia,Surry Hills,Internet software & services,"['SequoiaCapitalChina', 'BlackbirdVentures']"
Instacart,39.0,12/30/2014,United States,San Francisco,"Supply chain, logistics, & delivery",['KhoslaVentures']
Databricks,38.0,2/5/2019,United States,San Francisco,Data management & analytics,['AndreessenHorowitz']
Revolut,33.0,4/26/2018,United Kingdom,London,Fintech,"['indexVentures', 'DSTGlobal', 'RibbitCapital']"
Nubank,30.0,3/1/2018,Brazil,Sao Paulo,Fintech,"['SequoiaCapital', 'Redpointe.ventures']"
Epic Games,28.7,10/26/2018,United States,Cary,Other,"['TencentHoldings', 'KKR', 'SmashVentures']"
Chime,25.0,3/5/2019,United States,San Francisco,Fintech,"['ForerunnerVentures', 'CrosslinkCapital', 'Homebrew']"
FTX,25.0,7/20/2021,Hong Kong,,Fintech,"['SequoiaCapital', 'ThomaBravo', 'Softbank']"
BYJU's,21.0,7/25/2017,India,Bengaluru,Edtech,"['TencentHoldings', 'LightspeedIndiaPartners']"
Xiaohongshu,20.0,3/31/2016,China,Shanghai,E-commerce & direct-to-consumer,"['GGVCapital', 'ZhenFund', 'Tencent']"
J&T Express,20.0,4/7/2021,Indonesia,Jakarta,"Supply chain, logistics, & delivery","['HillhouseCapitalManagement', 'BoyuCapital']"
Fanatics,18.0,6/6/2012,United States,Jacksonville,E-commerce & direct-to-consumer,"['SoftBankGroup', 'AndreessenHorowitz']"
Yuanfudao,15.5,5/31/2017,China,Beijing,Edtech,"['TencentHoldings', 'WarbugPincus', 'IDGCapital']"
DJI Innovations,15.0,1/23/2015,China,Shenzhen,Hardware,"['AccelPartners', 'SequoiaCapital']"
SHEIN,15.0,7/3/2018,China,Shenzhen,E-commerce & direct-to-consumer,['TigerGlobalManagement']
Checkout.com,15.0,5/2/2019,United Kingdom,London,Fintech,"['TigerGlobalManagement', 'InsightPartners']"
goPuff,15.0,10/8/2020,United States,Philadelphia,E-commerce & direct-to-consumer,"['Accel', 'SoftbankGroup', 'AnthosCapital']"
Plaid Technologies,13.4,12/11/2018,United States,San Francisco,Fintech,"['NewEnterpriseAssociates', 'SparCapital']"
Grammarly,13.0,10/10/2019,United States,San Francisco,Internet software & services,['GeneralCatalyst']
Devoted Health,12.6,10/16/2018,United States,Waltham,Health,"['AndreessenHorowitz', 'F-PrimeCapital', 'Venrock']"
Faire,12.4,10/30/2019,United States,San Francisco,Artificial intelligence,"['KhoslaVentures', 'ForerunnerVentures']"
Brex,12.3,10/5/2018,United States,San Francisco,Fintech,"['DSTGlobal', 'RibbitCapital']"
SenseTime,12.0,7/11/2017,China,Shanghai,Artificial intelligence,"['StarVC', 'IDGCapital', 'InforeCapital']"
JUUL Labs,12.0,12/20/2017,United States,San Francisco,Consumer & retail,['TigerGlobalManagement']
Bitmain Technologies,12.0,7/6/2018,China,Beijing,Hardware,"['CoatueManagement', 'SequoiaCapitalChina']"
Biosplice Therapeutics,12.0,8/6/2018,United States,San Diego,Health,"['VickersVenturePartners', 'IKEAGreenTech']"
GoodLeap,12.0,10/13/2021,United States,Roseville,Internet software & services,['NewEnterpriseAssociates']
ZongMu Technology,11.4,6/3/2021,China,Shanghai,Auto & transportation,"['LTWCapital', 'LegendCapital', 'QualcommVentures']"
Global Switch,11.1,12/22/2016,United Kingdom,London,Hardware,['AviationIndustryCorporationofChina']
Celonis,11.0,6/26/2018,Germany,Munich,Data management & analytics,"['Accel', '83North']"
Weilong,10.88,5/8/2021,China,Luohe,Consumer & retail,['TencentHoldings']
Lalamove,10.0,2/21/2019,Hong Kong,Cheung Sha Wan,"Supply chain, logistics, & delivery","['MindWorksVentures', 'ShunweiCapitalPartners']"
Ripple,10.0,12/20/2019,United States,San Francisco,Fintech,"['IDGCapital', 'Venture51']"
Figma,10.0,4/30/2020,United States,San Francisco,Internet software & services,"['IndexVentures', 'GreylockPartners']"
Gusto,10.0,12/18/2015,United States,San Francisco,Fintech,"['GeneralCatalystPartners', 'GoogleVentures']"
reddit,10.0,7/31/2017,United States,San Francisco,Internet software & services,"['YCombinator', 'SequoiaCapital', 'CoatueManagement']"
Talkdesk,10.0,10/3/2018,United States,San Francisco,Internet software & services,"['DJF', 'SalesforceVentures', 'StormVentures']"
Notion Labs,10.0,4/1/2020,United States,San Francisco,Internet software & services,"['IndexVentures', 'DraftVentures', 'FelicisVentures']"
Thrasio,10.0,7/15/2020,United States,Walpole,Other,"['Upper90', 'RiverParkVentures', 'AdventInternational']"
Digital Currency Group,10.0,11/1/2021,United States,New York,Fintech,"['RibbitCapital', 'capitalG', 'SoftbankGroup']"
OutSystems,9.5,6/5/2018,United States,Boston,Internet software & services,"['KKR', 'ESVentures', 'NorthBridgeGrowthEquity']"
ServiceTitan,9.5,11/14/2018,United States,Glendale,Internet software & services,"['BessemerVenturePartners', 'ICONIQCapital']"
HEYTEA,9.28,7/1/2019,China,Shenzhen,Other,"['SequoiaCapitalChina', 'TencentInvestment']"
N26,9.23,1/10/2019,Germany,Berlin,Fintech,['RedalpineVenturePartners']
Klaviyo,9.2,11/17/2020,United States,Boston,Internet software & services,"['SummitPartners', 'Accel', 'AstralCapital']"
Northvolt,9.08,6/12/2019,Sweden,Stockholm,Other,"['Vattenfall', 'VolkswagenGroup', 'GoldmanSachs']"
Tanium,9.0,3/31/2015,United States,Kirkland,Cybersecurity,"['AndreessenHorowitz', 'Nor-CalInvest', 'TPGGrowth']"
Chehaoduo,9.0,3/12/2016,China,Beijing,E-commerce & direct-to-consumer,"['SequoiaCapitalChina', 'GXCapital']"
Niantic,9.0,11/24/2017,United States,San Francisco,Mobile & telecommunications,"['Nintendo', 'Google']"
OYO Rooms,9.6,9/25/2018,India,Gurugram,Travel,"['SoftBankGroup', 'SequoiaCapitalIndia']"
Rapyd,8.75,12/3/2019,United Kingdom,London,Fintech,"['TargetGlobal', 'GeneralCatalyst']"
Kavak,8.7,10/1/2020,Mexico,Lerma de Villada,E-commerce & direct-to-consumer,"['DSTGlobal', 'SoftBankGroup', 'MountainNazca']"
Snyk,8.6,1/21/2020,United Kingdom,Reading,Cybersecurity,"['BOLDstartVentures', 'GoogleVentures', 'Accel']"
Nuro,8.6,2/11/2019,United States,Mountain View,Auto & transportation,"['SoftBankGroup', 'GreylockPartners']"
Lacework,8.3,1/7/2021,United States,San Jose,Cybersecurity,"['SutterHillVentures', 'LibertyGlobalVentures']"
Tipalti,8.3,10/6/2020,United States,San Mateo,Fintech,"['01Advisors', 'ZeevVentures', 'Group11']"
Tempus,8.1,3/21/2018,United States,Chicago,Health,"['NewEnterpriseAssociates', 'T.RoweAssociates']"
Xingsheng Selected,8.0,7/22/2020,China,Changsha,E-commerce & direct-to-consumer,"['KKR', 'TencentHoldings', 'SequoiaCapitalChina']"
Dream11,8.0,4/9/2019,India,Mumbai,Internet software & services,"['KaalariCapital', 'TencentHoldings']"
Fireblocks,8.0,7/27/2021,United States,New York,Fintech,"['TenayaCapital', 'CoatueManagement', 'StripesGroup']"
Caris Life Sciences,7.83,5/17/2021,United States,Irving,Health,"['SixthStreetPartners', 'OrbiMedAdvisors']"
Dapper Labs,7.6,3/30/2021,Canada,Vancouver,Fintech,"['UnionSquareVentures', 'Venrock']"
Hopin,7.75,11/10/2020,United Kingdom,London,Internet software & services,"['Accel', 'NorthzoneVentures']"
Getir,7.5,3/26/2021,Turkey,Istanbul,E-commerce & direct-to-consumer,"['TigerGlobalManagement', 'SequoiaCapital']"
Netskope,7.5,11/13/2018,United States,Santa Clara,Cybersecurity,"['LightspeedVenturePartners', 'SocialCapital']"
Toss,7.4,12/9/2018,South Korea,Seoul,Fintech,"['BessemerVenturePartners', 'QualcommVentures']"
Carta,7.4,5/6/2019,United States,San Francisco,Fintech,"['MenloVentures', 'SparkCapital']"
Scale AI,7.3,8/5/2019,United States,San Francisco,Artificial intelligence,"['Accel', 'YCombinator', 'IndexVentures']"
Argo AI,7.25,7/12/2019,United States,Pittsburgh,Artificial intelligence,"['VolkswagenGroup', 'FordAutonomousVehicles']"
Gong,7.25,8/12/2020,United States,Palo Alto,Artificial intelligence,"['NorwestVenturePartners', 'NextWorldCapital']"
TripActions,7.25,11/8/2018,United States,Palo Alto,Travel,['AndreessenHorowitz']
Gemini,7.1,11/19/2021,United States,New York,Fintech,"['MorganCreekDigital', 'MarcyVenturePartners']"
We Doctor,7.0,9/22/2015,China,Hangzhou,Health,"['Tencent', 'MorningsideGroup']"
Discord,7.0,4/20/2018,United States,San Francisco,Internet software & services,"['Benchmark', 'GreylockPartners', 'TencentHoldings']"
Automation Anywhere,6.8,7/2/2018,United States,San Jose,Artificial intelligence,"['GeneralAtlantic', 'GoldmanSachs']"
Ziroom,6.6,1/17/2018,China,Beijing,E-commerce & direct-to-consumer,"['SequoiaCapitalChina', 'WarburgPincus']"
National Stock Exchange of India,6.5,7/1/2020,India,Mumbai,Fintech,"['TAAssociates', 'SoftBankGroup', 'GSGrowth']"
Mollie,6.5,9/8/2020,Netherlands,Amsterdam,Fintech,['TechnologyCrossoverVentures']
Rippling,6.5,8/4/2020,United States,San Francisco,Internet software & services,"['InitializedCapital', 'YCombinator']"
Ola Cabs,7.5,10/27/2014,India,Bengaluru,Auto & transportation,"['AccelPartners', 'SoftBankGroup', 'SequoiaCapital']"
Samsara Networks,6.3,3/22/2018,United States,San Francisco,Hardware,"['AndreessenHorowitz', 'GeneralCatalyst']"
DataRobot,6.3,7/29/2019,United States,Boston,Artificial intelligence,"['NewEnterpriseAssociates', 'Accomplice']"
Personio,6.3,1/19/2021,Germany,Munich,Internet software & services,"['GlobalFoundersCapital', 'NortzoneVentures']"
Hinge Health,6.2,1/6/2021,United States,San Francisco,Health,"['Atomico', 'InsightPartners', 'CoatueManagement']"
Black Unicorn Factory,6.1,5/20/2021,United States,Los Angeles,Other,['BarterVentures']
Benchling,6.1,4/14/2021,United States,San Francisco,Internet software & services,"['ThriveCapital', 'Benchmark', 'MenloVentures']"
Royole Corporation,6.0,8/18/2015,China,Shenzhen,Hardware,"['WarmsunHolding', 'IDGCapitalPartners']"
Yuanqi Senlin,6.0,3/1/2020,China,Beijing,Consumer & retail,"['SequoiaCapitalChina', 'LongforCapitalm']"
Better.com,6.0,11/10/2020,United States,New York,Fintech,"['PineBrook', 'AmericanExpressVentures']"
Wiz,6.0,3/17/2021,Israel,Tel Aviv,Cybersecurity,"['InsightPartners', 'SequoiaCapital', 'IndexVentures']"
Bolt,6.0,10/8/2021,United States,San Francisco,Fintech,"['ActivantCapital', 'TribeCapital', 'GeneralAtlantic']"
Attentive,5.99,9/23/2020,United States,Hoboken,Mobile & telecommunications,"['NextViewVentures', 'EniacVentures']"
Easyhome,5.78,2/12/2018,China,Beijing,Consumer & retail,"['AlibabaGroup', 'BoyuCapital', 'BoruiCapital']"
Lianjia,5.77,4/7/2016,China,Beijing,E-commerce & direct-to-consumer,"['Tencent', 'Baidu', 'HuashengCapital']"
Airtable,5.77,11/15/2018,United States,San Francisco,Internet software & services,"['CaffeinatedCapital', 'CRV', 'FounderCollective']"
Vice Media,5.7,4/2/2011,United States,Brooklyn,Internet software & services,['TechnologyCrossoverVentures']
Cityblock Health,5.7,12/10/2020,United States,Brooklyn,Health,"['ThriveCapital', 'MaverickVentures']"
Workato,5.7,1/12/2021,United States,Mountain View,Internet software & services,"['BatteryVentures', 'StormVentures']"
Postman,5.6,6/11/2020,United States,San Francisco,Internet software & services,"['NexusVenturePartners', 'CRV', 'InsightPartners']"
FiveTran,5.6,6/30/2020,United States,Oakland,Data management & analytics,"['MatrixPartners', 'AndreessenHorowitz']"
Pony.ai,5.3,7/11/2018,United States,Fremont,Artificial intelligence,"['SequoiaCapitalChina', 'IDGCapital', 'DCMVentures']"
Trade Republic,5.3,5/20/2021,Germany,Berlin,Fintech,"['FoundersFund.Accel', 'Creandum']"
Rappi,5.25,8/31/2018,Colombia,Bogota,"Supply chain, logistics, & delivery","['DSTGlobal', 'AndreessenHorowitz']"
Collibra,5.25,1/29/2019,Belgium,Brussels,Data management & analytics,"['IndexVentures', 'BatteryVentures', 'ICONIQCapital']"
Blockchain.com,5.2,2/17/2021,United Kingdom,London,Fintech,"['LightspeedVenturePartners', 'GoogleVentures']"
HashiCorp,5.1,11/1/2018,United States,San Francisco,Internet software & services,"['RedpointVentures', 'TrueVentures', 'MayfieldFund']"
OneTrust,5.1,7/11/2019,United States,Atlanta,Internet software & services,['InsightPartners']
QuintoAndar,5.1,9/9/2019,Brazil,Campinas,E-commerce & direct-to-consumer,"['KaszekVentures', 'GeneralAtlantic', 'SoftBankGroup']"
C6 Bank,5.05,12/2/2020,Brazil,Sao Paulo,Fintech,['CreditSuisse']
United Imaging Healthcare,5.0,9/15/2017,China,Shanghai,Health,['ChinaLifeInsurance']
Hello TransTech,5.0,6/1/2018,China,Shanghai,Auto & transportation,"['AntFinancialServicesGroup', 'GGVCapital']"
Swiggy,5.5,6/21/2018,India,Bengaluru,"Supply chain, logistics, & delivery","['AccelIndia', 'SAIFPartners']"
Deel,5.5,4/21/2021,United States,San Francisco,Fintech,"['AndreessenHorowitz', 'SparkCapital', 'YCombinator']"
Airwallex,5.5,3/25/2019,Australia,Melbourne,Fintech,"['DSTGlobal', 'SequoiaCapitalChina']"
Horizon Robotics,5.0,2/27/2019,China,Beijing,Artificial intelligence,"['HillhouseCapitalManagement', 'LinearVenture']"
WM Motor,5.0,3/8/2019,China,Shanghai,Auto & transportation,"['BaiduCapital', 'LinearVenture', 'Tencent']"
Ro,5.0,7/27/2020,United States,New York,Health,"['InitializedCapital', 'GeneralCatalyst', 'SignalFire']"
Howden Group Holdings,5.0,9/29/2020,United Kingdom,London,Other,"['GeneralAtlantic', '3iGroup', 'HuagaiCapital']"
SambaNova Systems,5.0,4/13/2021,United States,Palo Alto,Data management & analytics,"['WaldenInternational', 'GoogleVentures']"
ZEPZ,5.0,8/23/2021,United Kingdom,London,Fintech,"['Accel', 'TechnologyCrossoverVentures']"
OakNorth,5.0,10/12/2017,United Kingdom,London,Fintech,"['ClermontGroup', 'ColtraneAssetManagement']"
Moon Active,5.0,1/26/2020,Israel,Tel Aviv,Mobile & telecommunications,"['InsightPartners', 'AndalusianCapitalPartners']"
Meesho,4.9,4/5/2021,India,Bengaluru,Internet software & services,"['VentureHighway', 'SequoiaCapitalIndia']"
Cerebral,4.8,6/10/2021,United States,San Francisco,Health,"['OakHC/FTPartners', 'ArtisVentures', 'WestCapGroup']"
Anduril,4.6,9/11/2019,United States,Irvine,Artificial intelligence,"['AndreessenHorowitz', 'FoundersFund']"
Lyra Health,4.6,8/25/2020,United States,Burlingame,Health,"['GreylockPartners', 'Venrock', 'ProvidenceVentures']"
Dataiku,4.6,12/4/2019,United States,New York,Internet software & services,"['AlvenCapital', 'FirstMarkCapital', 'capitalG']"
Checkr,4.6,9/19/2019,United States,San Francisco,Internet software & services,"['YCombinator', 'Accel', 'T.RowePrice']"
Color,4.6,1/4/2021,United States,Burlingame,Health,"['GeneralCatalyst', 'VikingGlobalInvestors']"
Meizu Technology,4.58,7/23/2014,China,Zhuhai,Hardware,['TellingTelecommunicationHoldingCo.']
Vinted,4.53,11/27/2019,Lithuania,Vilnius,E-commerce & direct-to-consumer,"['Accel', 'InsightPartners']"
Zenefits,4.5,5/6/2015,United States,San Francisco,Fintech,"['SVAngel', 'InstitutionalVenturePartners', 'Venrock']"
VIPKid,4.5,8/4/2016,China,Beijing,Edtech,"['SequoiaCapitalChina', 'TencentHoldings']"
Socure,4.5,3/16/2021,United States,New York,Cybersecurity,"['TwoSigmaVentures', 'FlintCapital']"
Monzo,4.5,10/31/2018,United Kingdom,London,Fintech,"['PassionCapital', 'ThriveCapital']"
UBTECH Robotics,4.45,7/25/2016,China,Shenzhen,Hardware,"['CDHInvestments', 'GoldstoneInvestments']"
Outreach,4.4,4/16/2019,United States,Seattle,Internet software & services,"['MayfieldFund', 'M12', 'TrinityVentures']"
Bolt,4.75,5/29/2018,Estonia,Tallinn,Auto & transportation,"['DidiChuxing', 'Diamler', 'TMTInvestments']"
BetterUp,4.7,2/25/2021,United States,San Francisco,Internet software & services,['ThresholdVentures']
Arctic Wolf Networks,4.3,10/22/2020,United States,Eden Prairie,Cybersecurity,['LightspeedVenturePartners']
Sorare,4.3,9/21/2021,France,Paris,E-commerce & direct-to-consumer,"['Benchmark', 'Accel', 'SoftBankGroup']"
Relativity Space,4.2,11/23/2020,United States,Inglewood,Other,"['PlaygroundGlobal', 'Bond', 'TribeCapital']"
Miaoshou Doctor,4.25,6/27/2019,China,Beijing,E-commerce & direct-to-consumer,['SequoiaCapitalChina']
Chainalysis,4.2,11/23/2020,United States,New York,Fintech,"['Addition', 'Benhcmark', 'Accel']"
ThoughtSpot,4.2,5/8/2018,United States,Sunnyvale,Internet software & services,"['LightspeedVenturePartners', 'KhoslaVentures']"
SSENSE,4.15,6/8/2021,Canada,Montreal,E-commerce & direct-to-consumer,['SequoiaCapital']
Dataminr,4.1,6/4/2018,United States,New York,Artificial intelligence,"['Venrock', 'InstitutionalVenturePartners']"
BitPanda,4.11,3/16/2021,Austria,Vienna,Fintech,"['Speedinvest', 'ValarVentures', 'UniqaVentures']"
Houzz,4.0,9/30/2014,United States,Palo Alto,E-commerce & direct-to-consumer,"['NewEnterpriseAssociates', 'SequoiaCapital']"
CRED,4.01,4/6/2021,India,Bengaluru,Fintech,"['TigerGlobalManagement', 'DSTGlobal']"
Yello Mobile,4.0,11/11/2014,South Korea,Seoul,Mobile & telecommunications,['Formation8']
MEGVII,4.0,10/31/2017,China,Beijing,Artificial intelligence,['AntFinancialServicesGroup']
Greensill,4.0,7/16/2018,United Kingdom,London,Fintech,"['SoftBankGroup', 'GeneralAtlantic']"
Impossible Foods,4.0,5/13/2019,United States,Redwood City,Consumer & retail,"['KhoslaVentures', 'HorizonsVentures']"
Radiology Partners,4.0,7/19/2019,United States,El Segundo,Health,['NewEnterpriseAssociates']
Next Insurance,4.0,10/7/2019,United States,Palo Alto,Fintech,"['ZeevVentures', 'RibbitCapital', 'TLVPartners']"
Patreon,4.0,9/2/2020,United States,San Francisco,Internet software & services,"['IndexVentures', 'ThriveCapital', 'CRV']"
PointClickCare,4.0,1/7/2021,Canada,Mississauga,Internet software & services,['DragoneerInvestmentGroup']
Zapier,4.0,1/14/2021,United States,Sunnyvale,Internet software & services,"['SequoiaCapital', 'BessemerVenturePartners']"
Clubhouse,4.0,1/24/2021,United States,San Francisco,Mobile & telecommunications,"['AndreessenHorowitz', 'TQVentures']"
BrowserStack,4.0,6/16/2021,Ireland,Dublin,Internet software & services,"['Accel', 'InsightPartners', 'BondCapital']"
Olive,4.0,12/1/2020,United States,Columbus,Internet software & services,"['DriveCapital', 'GeneralCatalyst']"
iCapital Network,4.0,7/27/2021,United States,New York,Fintech,"['BlackRock', 'Blackstone', 'UBS']"
Rubrik,4.0,4/28/2017,United States,Palo Alto,Data management & analytics,['GreylockPartners']
Melio,4.0,1/25/2021,Israel,Tel Aviv,Fintech,"['Accel', 'Aleph', 'AmericanExpressVentures']"
Vuori,4.0,10/13/2021,United States,Carlsbad,E-commerce & direct-to-consumer,"['SoftBankGroup', 'NorwestVenturePartners']"
ClickUp,4.0,12/15/2020,United States,San Diego,Internet software & services,"['GeorgianPartners', 'CraftVentures']"
Cerebras Systems,4.0,11/14/2018,United States,Los Altos,Hardware,"['Benchmark', 'FoundationCapital', 'SequoiaCapital']"
Farmers Business Network,4.0,8/3/2020,United States,San Carlos,Other,"['Blackrock', 'KleinerPerkinsCaulfield&Byers']"
Ramp Financial,3.9,3/29/2021,United States,New York,Fintech,"['D1CapitalPartners', 'Stripe', 'CoatueManagement']"
Intarcia Therapeutics,3.8,4/1/2014,United States,Boston,Health,['NewEnterpriseAssociates']
StockX,3.8,6/26/2019,United States,Detroit,E-commerce & direct-to-consumer,"['GoogleVentures', 'BatteryVentures', 'DSTGlobal']"
MessageBird,3.8,10/8/2020,Netherlands,Amsterdam,Mobile & telecommunications,"['YCombinator', 'Atomico', 'Accel']"
Guild Education,3.75,11/13/2019,United States,Denver,Internet software & services,"['GeneralAtlantic', 'Blackstone', 'ICONIQGrowth']"
Articulate,3.75,7/1/2021,United States,New York,Edtech,"['Blackstone', 'ICONIQGrowth', 'GeneralAtlantic']"
FalconX,3.75,8/10/2021,United States,San Mateo,Fintech,['TigerGlobalManagement']
Dutchie,3.75,3/16/2021,United States,Bend,E-commerce & direct-to-consumer,"['CasaVerdeCapital', 'GronVentures']"
Cohesity,3.7,6/11/2018,United States,San Jose,Data management & analytics,"['SoftBankGroup', 'SequoiaCapital']"
VAST Data,3.7,4/16/2020,United States,New York,Data management & analytics,"['NorwestVenturePartners', 'GoldmanSachs']"
GOAT,3.7,9/23/2020,United States,Culver City,E-commerce & direct-to-consumer,"['UpfrontVentures', 'WebbInvestmentNetwork']"
Noom,3.7,5/24/2021,United States,New York,Health,"['QualcommVentures', 'SamsungVentures', 'SilverLake']"
Redwood Materials,3.7,7/28/2021,United States,Carson City,Other,['BreakthroughEnergyVentures']
Papaya Global,3.7,3/4/2021,United States,New York,Internet software & services,"['BessemerVenturePartners', 'InsightPartners']"
Relativity,3.6,3/18/2021,United States,Chicago,Internet software & services,"['SilverLake', 'ICONIQCapital']"
Whoop,3.6,10/28/2020,United States,Boston,E-commerce & direct-to-consumer,"['NextViewVentures', 'PromusVentures']"
Applied Intuition,3.6,10/22/2020,United States,Sunnyvale,Data management & analytics,"['AndreessenHorowitz', 'LuxCapital']"
Otto Bock HealthCare,3.52,6/24/2017,Germany,Duderstadt,Health,['EQTPartners']
Indigo Ag,3.5,9/26/2017,United States,Boston,Artificial intelligence,"['ActivantCapitalGroup', 'AlaskaPermanentFund']"
HyalRoute,3.5,5/26/2020,Singapore,,Mobile & telecommunications,['Kuang-Chi']
Digit Insurance,3.5,1/15/2021,India,Bengaluru,Fintech,"['FairfaxFinancialHoldings', 'A91Partners']"
Commure,3.5,9/13/2021,United States,San Francisco,Internet software & services,"['GeneralCatalyst', 'HCAHealthcare']"
Mirakl,3.5,9/22/2020,France,Paris,E-commerce & direct-to-consumer,"['ElaiaPartners', '83North', 'FelixCapital']"
Coalition,3.5,3/16/2021,United States,San Francisco,Cybersecurity,"['TwoSigmaVentures', 'FlintCapital']"
Tekion,3.5,10/21/2020,United States,San Ramon,Internet software & services,"['AirbusVentures', 'IndexVentures']"
Alchemy,3.5,10/28/2021,United States,San Francisco,Fintech,"['DFJGrowthFund', 'CoatueManagement', 'Addition']"
Unacademy,3.44,9/2/2020,India,Bengaluru,Edtech,"['BlumeVentures', 'NexusVenturePartners']"
MoonPay,3.4,11/22/2021,United States,Miami,Fintech,"['NewEnterpriseAssociates', 'CoatueManagement']"
Youxia Motors,3.35,4/2/2018,China,Shanghai,Auto & transportation,['ChinaEnvironmentalProtectionIndustry']
OwnBackup,3.35,1/28/2021,United States,Englewood Cliffs,Data management & analytics,"['InsightPartners', 'SalesforceVentures']"
Upgrade,3.33,2/12/2018,United States,San Francisco,Fintech,"['UnionSquareVentures', 'RibbitCapital', 'VYCapital']"
Cloudwalk,3.32,10/8/2018,China,Guangzhou,Artificial intelligence,['OrizaHoldings']
ECARX,3.31,10/26/2020,China,Wuhan,Auto & transportation,"['Geely', 'SIGAsiaInvestments']"
Sila Nanotechnologies,3.3,4/16/2019,United States,Alameda,Other,['BessemerVenturePartners']
Scopely,3.3,10/29/2019,United States,Culver City,Mobile & telecommunications,"['Greycroft', 'SandsCapital', 'RevolutionGrowth']"
WeRide,3.3,12/23/2020,China,Guangzhou,Auto & transportation,"['AtopCapital', 'IDInvestPartners']"
Komodo Health,3.3,5/22/2020,United States,San Francisco,Health,"['AndreessenHorowitz', 'IAVentures']"
Dadi Cinema,3.24,5/11/2016,China,Shenzhen,Other,['AlibabaPicturesGroup']
Thumbtack,3.2,9/29/2015,United States,San Francisco,E-commerce & direct-to-consumer,"['TigerGlobal', 'SequoiaCapital', 'GoogleCapital']"
Flexport,3.2,4/30/2018,United States,San Francisco,"Supply chain, logistics, & delivery","['BloombergBeta', 'FoundersFund']"
Cedar,3.2,3/9/2021,United States,New York,Fintech,"['ThriveCapital', 'FoundersFund']"
Back Market,3.2,5/18/2021,France,Paris,E-commerce & direct-to-consumer,"['AglaeVentures', 'Eurazeo', 'Daphni']"
Eruditus Executive Education,3.2,8/12/2021,India,Mumbai,Edtech,"['SequoiaCapitalIndia', 'Softbank']"
Blockstream,3.2,8/24/2021,Canada,Vancouver,Fintech,"['AMECloudVentures', 'FuturePerfectVentures']"
ConsenSys,3.2,11/17/2021,United States,New York,Fintech,"['ThirdPoint', 'ElectricCapital', 'CoinbaseVentures']"
Huitongda,3.18,12/22/2017,China,Nanjing,E-commerce & direct-to-consumer,"['ShunweiCapitalPartners', 'AddorCapital']"
PsiQuantum,3.15,7/27/2021,United States,Palo Alto,Hardware,"['PlaygroundGlobal', 'M12', 'BlackRock']"
SpotOn,3.15,5/26/2021,United States,San Francisco,Fintech,"['DragoneerInvestmentGroup', 'DSTGlobal']"
Udaan,3.1,9/4/2018,India,Bengaluru,"Supply chain, logistics, & delivery","['DSTGlobal', 'LightspeedVenturePartners']"
HighRadius,3.1,1/7/2020,United States,Houston,Fintech,"['SusquehannaGrowthEquity', 'CitiVentures']"
Nuvemshop,3.1,8/17/2021,Brazil,Sao Paulo,E-commerce & direct-to-consumer,"['KaszekVentures', 'QualcommVentures', 'Accel']"
VANCL,3.0,12/14/2010,China,Beijing,E-commerce & direct-to-consumer,"['CeyuanVentures', 'QiMingVenturePartners']"
Yixia,3.0,11/24/2015,China,Beijing,Mobile & telecommunications,"['SequoiaCapitalChina', 'SinaWeibo']"
Traveloka,3.0,1/1/2017,Indonesia,Jakarta,Travel,"['GlobalFoundersCapital', 'EastVentures']"
SouChe Holdings,3.0,11/1/2017,China,Hangzhou,E-commerce & direct-to-consumer,"['MorningsideVentures', 'WarburgPincus']"
BGL Group,3.0,11/24/2017,United Kingdom,Peterborough,Fintech,['CPPInvestmentBoard']
Circle,3.0,5/15/2018,United States,Boston,Fintech,"['GeneralCatalyst', 'DigitalCurrencyGroup', 'Accel']"
Zuoyebang,3.0,7/18/2018,China,Beijing,Edtech,"['SequoiaCapitalChina', 'XiangHeCapital']"
Delhivery,3.0,2/27/2019,India,Gurgaon,"Supply chain, logistics, & delivery","['TimesInternet', 'NexusVenturePartners']"
FlixMobility,3.0,7/18/2019,Germany,Munich,Auto & transportation,['HoltzbrinckVentures']
Wildlife Studios,3.0,12/5/2019,Brazil,Sao Paulo,Other,"['Benchmark', 'BessemerVenturePartners']"
Pine Labs,3.0,1/24/2020,India,Noida,Fintech,"['SequoiaCapitalIndia', 'Temasek', 'PayPalVentures']"
ApplyBoard,3.0,5/5/2020,Canada,Kitchener,Edtech,"['ArtimanVentures', 'PlugandPlayVentures']"
Razorpay,3.0,10/11/2020,India,Bengaluru,Fintech,['SequoiaCapitalIndia']
Forter,3.0,11/19/2020,United States,New York,Cybersecurity,['SequoiaCapitalIsrael']
Calendly,3.0,1/26/2021,United States,Atlanta,Internet software & services,"['ICONIQCapital', 'OpenViewVenturePartners']"
BlockFi,3.0,3/11/2021,United States,Jersey City,Fintech,"['ConsenSysVentures', 'ValarVentures', 'PUC']"
ActiveCampaign,3.0,4/21/2021,United States,Chicago,Internet software & services,['SilversmithCapitalPartners']
CMR Surgical,3.0,9/17/2019,United Kingdom,Cambridge,Health,['CambridgeInnovationCapital']
Lucid Software,3.0,6/29/2021,United States,South Jordan,Internet software & services,"['SpectrumEquity', 'ICONIQCapital', 'GrayhawkCapital']"
Age of Learning,3.0,5/3/2016,United States,Glendale,Edtech,['IconiqCapital']
Carbon Health,3.0,7/21/2021,United States,San Francisco,Health,"['BrookfieldAssetManagement', 'Blackstone']"
ShareChat,3.0,4/8/2021,India,Bengaluru,Internet software & services,"['IndiaQuotient', 'ElevationCapital']"
Contentful,3.0,7/28/2021,Germany,Berlin,Internet software & services,"['BaldertonCapital', 'GeneralCatalyst']"
LaunchDarkly,3.0,7/28/2021,United States,Oakland,Internet software & services,"['UncorkCapital', 'ThresholdVentures']"
Hopper,3.0,3/24/2021,Canada,Montreal,Travel,"['CapitalOneGrowthVentures', 'CitiVentures']"
Seismic,3.0,12/18/2018,United States,San Diego,Internet software & services,"['JacksonSquareVentures', 'GeneralAtlantic']"
Grafana Labs,3.0,8/24/2021,United States,New York,Internet software & services,['LightspeedVenturePartners']
Gorillas,3.1,3/25/2021,Germany,Berlin,E-commerce & direct-to-consumer,"['CoatueManagement', 'AtlanticFoodLabs', 'DSTGlobal']"
Ola Electric Mobility,3.0,7/2/2019,India,Bengaluru,Auto & transportation,"['SoftBankGroup', 'TigerGlobalManagement']"
Sky Mavis,3.0,10/4/2021,Vietnam,Ho Chi Minh City,Internet software & services,"['FabricVentures', '500Global', 'StandardCrypto']"
Celsius Network,3.0,10/12/2021,United States,Hoboken,Fintech,['WestCapGroup']
Outschool,3.0,4/14/2021,United States,San Francisco,Edtech,['UniionSquareVentures']
TradingView,3.0,10/14/2021,United States,Westerville,Fintech,"['TigerGlobalManagement', 'InsightPartners']"
Groww,3.0,4/7/2021,India,Bengaluru,Fintech,['TigerGlobalManagement']
Podium,3.0,4/7/2020,United States,Lehi,Internet software & services,"['Accel', 'SummitPartners', 'GoogleVentures']"
Via,3.3,3/30/2020,United States,New York,Auto & transportation,"['83North', 'RiverParkVentures']"
Kraken,2.92,6/25/2019,United States,San Francisco,Fintech,"['BnkToTheFuture', 'TrammellVentures']"
OpenAI,2.92,7/22/2019,United States,San Francisco,Artificial intelligence,['KhoslaVentures']
Ovo,2.9,3/14/2019,Indonesia,Jakarta,Fintech,"['Grab', 'Tokopedia', 'TokyoCenturyCorporation']"
Workrise,2.9,9/30/2019,United States,Austin,Internet software & services,"['FoundersFund', 'QuantumEnergyPartners']"
Loft,2.9,1/3/2020,Brazil,Sao Paulo,E-commerce & direct-to-consumer,"['Monashees+', 'AndreessenHorowitz', 'QEDInvestors']"
OfBusiness,3.0,7/31/2021,India,Gurgaon,E-commerce & direct-to-consumer,"['MatrixPartnersIndia', 'FalconEdgeCapital']"
BharatPe,2.85,7/30/2021,India,New Delhi,Fintech,"['InsightPartners', 'SequoiaCapitalIndia', 'BEENEXT']"
DriveWealth,2.85,8/20/2021,United States,Chatham,Fintech,"['Point72Ventures', 'Route66Ventures', 'Accel']"
Meicai,2.8,6/22/2016,China,Beijing,Mobile & telecommunications,"['TigerGlobalManagement', 'BlueLakeCapital']"
Icertis,2.8,7/17/2019,United States,Bellevue,Artificial intelligence,"['EightRoadsVentures', 'Greycroft']"
Weee!,2.8,3/16/2021,United States,Fremont,"Supply chain, logistics, & delivery","['GoodwaterCapital', 'iFly', 'XVCVentureCapital']"
ContentSquare,2.8,5/25/2021,France,Paris,Internet software & services,"['HighlandEurope', 'Eurazeo', 'CanaanPartners']"
Zipline,2.8,5/20/2019,United States,South San Francisco,"Supply chain, logistics, & delivery","['SequoiaCapital', 'BaillieGifford&Co.']"
Graphcore,2.77,12/18/2018,United Kingdom,Bristol,Artificial intelligence,['DellTechnologiesCapital']
Illumio,2.75,4/14/2015,United States,Sunnyvale,Cybersecurity,"['DataCollective', 'Formation8']"
Convoy,2.75,9/21/2018,United States,Seattle,"Supply chain, logistics, & delivery","['GreylockPartners', 'capitalG', 'YCombinator']"
MasterClass,2.75,5/13/2021,United States,San Francisco,Edtech,['InstitutionalVenturePartners']
Transmit Security,2.74,6/22/2021,Israel,Tel Aviv,Cybersecurity,"['GeneralAtlantic', 'InsightPartners']"
Hozon Auto,2.74,10/25/2021,China,Shanghai,Auto & transportation,"['HDCapital', 'Qihoo360Technology']"
Tradeshift,2.7,5/30/2018,United States,San Francisco,Fintech,"['NotionCapital', 'ScentanVentures', 'KiteVentures']"
Nextiva,2.7,9/14/2021,United States,Scottsdale,Internet software & services,['GoldmanSachsAssetManagement']
Flink,2.7,12/1/2021,Germany,Berlin,E-commerce & direct-to-consumer,"['MubadalaCapital', 'Bond', 'ProsusVentures']"
ManoMano,2.6,7/5/2021,France,Paris,E-commerce & direct-to-consumer,"['GeneralAtlantic', 'PitonCapital', 'PartechPartners']"
Sourcegraph,2.62,7/13/2021,United States,San Francisco,Internet software & services,"['RedpointVentures', 'GoldcrestCapital']"
Pendo,2.6,10/17/2019,United States,Raleigh,Internet software & services,"['ContourVenturePartners', 'BatteryVentures']"
Plume,2.6,2/23/2021,United States,Palo Alto,Internet software & services,"['InsightPartners', 'JacksonSquareVentures']"
Xinchao Media,2.0,4/9/2018,China,Chengdu,Internet software & services,"['JD.com', 'Baidu', 'VisionPlusCapital']"
JumpCloud,2.62,9/13/2021,United States,Louisville,Data management & analytics,"['FoundryGroup', 'GeneralAtlantic', 'BlackRock']"
Vista Global,2.5,8/23/2017,United Arab Emirates,Dubai,Other,['RhoneCapital']
BYTON,2.5,4/20/2018,China,Nanjing,Auto & transportation,"['FAWGroup', 'TencentHoldings', 'TusHoldings']"
Acronis,2.5,9/18/2019,Switzerland,Schaffhausen,Cybersecurity,"['GoldmanSachs', 'VebVentures', 'InsightPartners']"
Side,2.5,3/22/2021,United States,San Francisco,Internet software & services,"['CoatueManagemeny', 'TrinityVentures']"
Lenskart,2.5,12/20/2019,India,Faridabad,E-commerce & direct-to-consumer,"['ChirataeVentures', 'PremjiInvest', 'Softbank']"
Infra.Market,2.5,2/25/2021,India,Thane,E-commerce & direct-to-consumer,"['Accel', 'TigerGlobalManagement']"
Varo Bank,2.5,9/9/2021,United States,San Francisco,Fintech,"['WarburgPincus', 'TheRiseFund']"
Cato Networks,2.5,11/17/2020,Israel,Tel Aviv,Cybersecurity,"['AspectVentures', 'SingTelInnov8']"
Aura,2.5,6/9/2021,United States,Burlington,Cybersecurity,"['WarburgPincus', 'GeneralCatalyst']"
Vercel,2.5,6/23/2021,United States,San Francisco,Internet software & services,"['CRV', 'Accel', 'GoogleVentures']"
Uala,2.45,8/13/2021,Argentina,Buenos Aires,Fintech,"['SorosFundManagement', 'RibbitCapital', 'Monashees+']"
Mobile Premier League,2.45,9/15/2021,India,Bengaluru,Internet software & services,"['SequoiaCapitalIndia', 'RTPGlobal', 'Go-Ventures']"
Cybereason,2.44,8/6/2019,United States,Boston,Cybersecurity,"['SoftBankGroup', 'CRV', 'SparkCapital']"
Cgtz,2.41,2/21/2017,China,Hangzhou,Fintech,"['ShunweiCapitalPartners', 'ChinaMediaGroup']"
Star Charge,2.41,5/19/2021,China,Changzhou,Auto & transportation,"['ShunweiCapitalPartners', 'ChinaMediaGroup']"
Carbon,2.4,8/20/2015,United States,Redwood City,Hardware,"['GoogleVentures', 'SequoiaCapital', 'WakefieldGroup']"
PolicyBazaar,2.4,5/6/2019,India,Gurgaon,Fintech,"['InfoEdge', 'SoftbankCapital']"
Paxos,2.4,4/29/2021,United States,New York,Fintech,"['LibertyCityVentures', 'RREVentures']"
Exabeam,2.4,6/1/2021,United States,Foster City,Cybersecurity,"['NorwestVenturePartners', 'AspectVentures']"
BitSight Technologies,2.4,9/13/2021,United States,Boston,Cybersecurity,"['MenloVentures', 'GGVCapital']"
Trumid,2.4,7/15/2020,United States,New York,Fintech,"['T.RowePrice', 'DragoneerInvestmentGroup']"
ABL Space Systems,2.4,3/25/2021,United States,El Segundo,Other,"['T.RowePrice', 'LockheedMartinVentures']"
Bought By Many,2.35,6/1/2021,United Kingdom,London,Fintech,"['OctopusVentures', 'MunichReVentures']"
Jobandtalent,2.35,12/1/2021,Spain,Madrid,Internet software & services,"['KiboVentures', 'SoftBankGroup', 'Atomico']"
WEMAKEPRICE,2.34,9/9/2015,South Korea,Seoul,E-commerce & direct-to-consumer,"['IMMInvestment', 'NXC']"
Biren Technology,2.32,8/18/2020,China,Shanghai,Hardware,"['VFUND', 'IDGCapital', 'GreenPineCapitalPartners']"
Voodoo,2.31,8/17/2020,France,Paris,Other,"['TencentHoldings', 'GoldmanSachs']"
Uptake,2.3,10/27/2015,United States,Chicago,Artificial intelligence,"['Revolution', 'NewEnterpriseAssociates']"
KeepTruckin,2.3,4/23/2019,United States,San Francisco,"Supply chain, logistics, & delivery","['GoogleVentures', 'IndexVentures']"
Skydance Media,2.3,2/11/2020,United States,Santa Monica,Other,"['RedBirdCapitalPartners', 'CJENM']"
Greenlight,2.3,9/24/2020,United States,Atlanta,Fintech,"['RelayVentures', 'TTVCapital', 'CanapiVentures']"
Highspot,2.3,2/22/2021,United States,Seattle,Internet software & services,"['MadronaVentureGroup', 'ShastaVentures']"
Bowery Farming,2.3,5/25/2021,United States,New York,Other,"['Temasek', 'GoogleVentures', 'GeneralCatalyst']"
Odoo,2.3,7/29/2021,Belgium,Louvain-la-Neuve,Internet software & services,"['SummitPartners', 'Noshaq', 'SofinnovaPartners']"
Zume,2.25,11/1/2018,United States,Mountain View,Consumer & retail,"['SoftbankGroup', 'AMECloudVentures', 'SignalFire']"
Algolia,2.25,7/28/2021,United States,San Francisco,Internet software & services,"['Accel', 'AlvenCapital', 'StormVentures']"
Pattern,2.25,10/6/2021,United States,Lehi,Internet software & services,"['KnoxLane', 'AingeAdvisory']"
Planet Labs,2.2,4/13/2015,United States,San Francisco,Other,['ThresholdVentures']
NuCom Group,2.2,2/22/2018,Germany,Unterfoehring,Other,['GeneralAtlantic']
MUSINSA,2.2,11/11/2019,South Korea,Seoul,E-commerce & direct-to-consumer,['SequoiaCapital']
Current,2.2,4/27/2021,United States,New York,Fintech,"['Expa', 'QEDInvestors', 'FoundationCapital']"
Bitso,2.2,5/5/2021,Mexico,Mexico City,Fintech,"['PanteraCapital', 'QEDInvestors', 'CoinbaseVentures']"
Gympass,2.2,6/12/2019,United States,New York,Internet software & services,"['GeneralAtlantic', 'SoftBankGroup', 'Atomico']"
Kurly,2.2,7/9/2021,South Korea,Seoul,"Supply chain, logistics, & delivery","['SequoiaCapitalChina', 'DSTGlobal', 'DSTGlobal']"
Reify Health,2.2,8/10/2021,United States,Boston,Health,"['SierraVentures', 'BatteryVentures']"
Huaqin Telecom Technology,2.19,10/8/2019,China,Shanghai,Mobile & telecommunications,['ZhangjiangHaochengVentureCapital']
YITU Technology,2.17,3/8/2018,China,Shanghai,Artificial intelligence,"['SequoiaCapitalChina', 'BanyanCapital']"
Addepar,2.17,6/15/2021,United States,Mountain View,Fintech,"['8VC', 'D1CapitalPartners', 'SwayVentures']"
Cockroach Labs,2.16,1/12/2021,United States,New York,Data management & analytics,"['GoogleVentures', 'Benchmark', 'FirstMarkCapital']"
Neo4j,2.15,6/17/2021,United States,San Mateo,Data management & analytics,"['EightRoadsVentures', 'OnePeakPartners', 'Creandum']"
1,2.15,9/8/2021,Brazil,Sao Paulo,Fintech,"['PlugandPlayVentures', 'ValorCapitalGroup']"
FirstCry,2.1,2/7/2020,India,Pune,E-commerce & direct-to-consumer,"['SoftBankGroup', 'SAIFPartnersIndia']"
Eightfold.ai,2.1,10/27/2020,United States,Santa Clara,Internet software & services,['FoundationCapital']
Webflow,2.1,1/13/2021,United States,San Francisco,Internet software & services,"['Accel', 'SilversmithCapitalPartners', 'capitalG']"
6Sense,2.1,3/30/2021,United States,San Francisco,Artificial intelligence,"['Venrock', 'BatteryVentures', 'InsightPartners']"
Urban Company,2.1,4/27/2021,India,Gurgaon,E-commerce & direct-to-consumer,"['VYCapital', 'Accel', 'ElevationCapital']"
ReCharge,2.1,5/6/2021,United States,Los Angeles,Fintech,"['ICONIQGrowth', 'BainCapitalVentures']"
Moveworks,2.1,6/30/2021,United States,Mountain View,Artificial intelligence,['LightspeedVenturePartners']
Medable,2.1,10/26/2021,United States,Palo Alto,Internet software & services,"['GSRVentures', 'SapphireVentures']"
SoundHound,2.1,5/3/2018,United States,Santa Clara,Artificial intelligence,"['TencentHoldings', 'WaldenVentureCapital']"
Mambu,2.08,1/6/2021,Germany,Berlin,Fintech,"['RunaCapital', 'ActonCapitalPartners']"
Trendy Group International,2.0,2/13/2012,Hong Kong,Kowloon,Consumer & retail,['LCapitalPartners']
Avant,2.0,12/17/2012,United States,Chicago,Artificial intelligence,"['RREVentures', 'TigerGlobal', 'AugustCapital']"
Tubatu.com,2.0,3/9/2015,China,Shenzhen,E-commerce & direct-to-consumer,"['SequoiaCapitalChina', 'MatrixPartnersChina']"
BlaBlaCar,2.0,9/16/2015,France,Paris,Auto & transportation,"['AccelPartners', 'IndexVentures']"
Quanergy Systems,2.0,8/22/2016,United States,Sunnyvale,Auto & transportation,"['DelphiAutomotive', 'SamsungVentures']"
HuiMin,2.0,9/5/2016,China,Beijing,E-commerce & direct-to-consumer,"['ZheshangVentureCapital', 'GPCapital']"
Quora,2.0,4/21/2017,United States,Mountain View,Internet software & services,"['YCombinator', 'MatrixPartners', 'Benchmark']"
Improbable,2.0,5/11/2017,United Kingdom,London,Other,"['AndreessenHorowitz', 'SoftBankGroup']"
Preferred Networks,2.0,5/17/2018,Japan,Tokyo,Artificial intelligence,['ToyotaMotorCorporation']
Formlabs,2.0,8/1/2018,United States,Somerville,Hardware,"['PitangoVentureCapital', 'DFJGrowthFund']"
4Paradigm,2.0,12/19/2018,China,Beijing,Artificial intelligence,['SequoiaCapitalChina']
Calm,2.0,2/6/2019,United States,San Francisco,Consumer & retail,"['InsightVenturePartners', 'TPGGrowth']"
Kaseya,2.0,3/27/2019,United States,Miami,Cybersecurity,['InsightPartners']
Mafengwo,2.0,5/23/2019,China,Beijing,Travel,"['QimingVenturePartners', 'CapitalToday']"
Druva,2.0,6/20/2019,United States,Sunnyvale,Data management & analytics,"['NexusVenturePartners', 'TenayaCapital']"
Kujiale,2.0,10/25/2019,China,Hangzhou,Internet software & services,"['GGVCapital', 'IDGCapital', 'LinearVenture']"
AppsFlyer,2.0,1/21/2020,United States,San Francisco,Mobile & telecommunications,['MagmaVenturePartners']
Keep,2.0,5/19/2020,China,Beijing,Mobile & telecommunications,"['BertelsmannAsiaInvestments', 'GGVCapital']"
Redis Labs,2.0,8/25/2020,United States,Mountain View,Data management & analytics,"['ViolaVentures', 'DellTechnologiesCapital']"
Xingyun Group,2.0,9/24/2020,China,Shenzhen,E-commerce & direct-to-consumer,"['MatrixPartnersChina', 'EasternBellCapital']"
Unqork,2.0,10/6/2020,United States,New York,Fintech,"['Blackrock', 'capitalG', 'WorldLabInnovation']"
Virta Health,2.0,12/2/2020,United States,San Francisco,Health,"['CaffeinatedCapital', 'ObviousVentures', 'Venrock']"
ISN,2.0,12/17/2020,United States,Dallas,"Supply chain, logistics, & delivery",['Blackstone']
Earnix,2.0,2/21/2021,Israel,Giv'atayim,Fintech,['JerusalemVenturePartners']
Guoquan Shihui,2.0,3/17/2021,China,Shanghai,Consumer & retail,"['TiantuCapital', 'CMBInternationalCapital']"
Arrail Dental,2.0,4/13/2021,China,Beijing,Health,['QimingVenturePartners']
Clearco,2.0,4/20/2021,Canada,Toronto,Fintech,"['HighlandCapitalPartners', 'OakHC/FTPartners']"
Hive,2.0,4/21/2021,United States,San Francisco,Artificial intelligence,"['TomalesBayCapital', 'Bain&Company']"
KRY,2.0,4/27/2021,Sweden,Stockholm,Health,"['IndexVentures', 'Creandum', 'Accel']"
Kajabi,2.0,5/4/2021,United States,Irvine,Internet software & services,['MeritechCapitalPartners']
Ethos Technologies,2.7,5/11/2021,United States,San Francisco,Fintech,"['SequoiaCapital', 'GoogleVentures', 'Accel']"
Beisen,2.0,5/11/2021,China,Beijing,Internet software & services,"['MatrixPartnersChina', 'SequoiaCapitalChina']"
Pipe,2.0,5/19/2021,United States,Miami,Fintech,"['next47', 'MaCVentureCapital', 'FinVC']"
Iterable,2.0,6/15/2021,United States,San Francisco,Internet software & services,"['CRV', 'BlueCloudVentures', 'IndexVentures']"
Bunq,2.0,6/18/2021,Netherlands,Amsterdam,Fintech,['Undisclosed']
Clip,2.0,6/10/2021,Mexico,Mexico City,Fintech,"['AltaVenturesMexico', 'GeneralAtlantic']"
Loggi,2.0,6/5/2019,Brazil,Sao Paulo,"Supply chain, logistics, & delivery","['QualcommVentures', 'SoftBankGroup.Monashees+']"
MURAL,2.0,7/20/2021,United States,San Francisco,Internet software & services,"['InsightPartners', 'TigerGlobalManagement']"
Pagaya,2.0,6/17/2020,Israel,Tel Aviv,Fintech,"['OakHC/FTPartners', 'GFInvestments']"
1Password,2.0,7/8/2021,Canada,Toronto,Cybersecurity,"['SlackFund', 'Accel', 'SkipCapital']"
OCSiAl,2.0,3/4/2019,Luxembourg,Leudelange,Other,"['A&NN', 'Rusnano']"
XtalPi,2.0,8/11/2021,China,Shenzhen,Artificial intelligence,"['TencentHoldings', '5YCapital']"
Divvy Homes,2.0,8/13/2021,United States,San Francisco,Fintech,"['AndreessenHorowitz', 'CaffeinatedCapital']"
Apeel Sciences,2.0,5/26/2020,United States,Goleta,Other,"['UpfrontVentures', 'TaoCapitalPartners']"
Opay,2.0,8/23/2021,Nigeria,Lagos,Fintech,"['SequoiaCapitalChina', 'SourceCodeCapital']"
Aviatrix,2.0,9/8/2021,Santa Clara,United States,Internet software & services,"['IgnitionPartners', 'Formation8', 'CRV']"
SmartNews,2.0,8/5/2019,Japan,Tokyo,Mobile & telecommunications,"['JapanPostCapital', 'GlobisCapitalPartners']"
Misfits Market,2.0,4/21/2021,United States,Pennsauken,E-commerce & direct-to-consumer,"['Accel', 'D1CapitaPartners']"
Spring Health,2.0,9/16/2021,United States,New York,Health,"['RethinkImpact', 'Work-Bench', 'RREVentures']"
Black Sesame Technologies,2.0,9/22/2021,China,Shanghai,Artificial intelligence,"['NorthernLightVentureCapital', 'Xiaomi']"
Advance Intelligence Group,2.0,9/23/2021,Singapore,,Artificial intelligence,"['VisionPlusCapital', 'GSRVentures', 'ZhenFund']"
Modern Treasury,2.0,10/6/2021,United States,San Francisco,Fintech,"['Benchmark', 'AltimeterCapital', 'QuietCapital']"
Magic Leap,2.0,10/21/2014,United States,Plantation,Hardware,"['ObviousVentures', 'QualcommVentures']"
Tier Mobility,2.0,10/25/2021,Germany,Berlin,Travel,"['NorthzoneVentures', 'WhiteStarCapital']"
Aiven,2.0,10/18/2021,Finland,Helsinki,Internet software & services,"['InstitutionalVenturePartners', 'Atomico']"
ClickHouse,2.0,10/28/2021,United States,Portola Valley,Data management & analytics,['LightspeedVenturePartners']
Mynt,2.0,10/28/2021,Philippines,Taguig City,Fintech,"['InsightPartners', 'WarburgPincus']"
Everlaw,2.0,11/2/2021,United States,Oakland,Internet software & services,"['K9Ventures', 'MenloVentures', 'AndreessenHorowitz']"
Zilch,2.0,11/10/2021,United Kingdom,London,Fintech,"['GaussVentures', 'VenturaCapital', 'dmgventures']"
VerbIT,2.0,6/8/2021,Israel,Tel Aviv,Artificial intelligence,"['ClalTech', 'VertexVentures', 'OryznCapital']"
StarkWare,2.0,11/17/2021,Israel,Netanya,Cybersecurity,"['SequoiaCapital', 'Paradigm', 'PanteraCapital']"
Netlify,2.0,11/17/2021,United States,San Francisco,Internet software & services,['AndreessenHorowitz']
Deliverr,2.0,11/22/2021,United States,San Francisco,"Supply chain, logistics, & delivery","['8VC', 'ActivantCapital', 'GLPCapitalPartners']"
SWORD Health,2.0,11/22/2021,United States,New York,Health,"['KhoslaVentures', 'GreenInnovations', 'FoundersFund']"
LTK,2.0,11/22/2021,United States,Dallas,Internet software & services,"['SoftBankGroup', 'MaverickCapital']"
Fenbi Education,1.95,2/7/2021,China,Beijing,Edtech,"['TrustbridgePartners', 'HonyCapital', 'IDGCapital']"
Starling Bank,1.95,3/8/2021,United Kingdom,London,Fintech,"['JTCGroup', 'QatarInvestmentAuthority']"
InVision,1.9,11/1/2017,United States,New York,Internet software & services,"['FirstMarkCapital', 'TigerGlobalManagement']"
eDaili,1.9,2/1/2019,China,Shanghai,E-commerce & direct-to-consumer,"['K2VC', 'LightspeedChinaPartners', 'Sky9Capital']"
MX Technologies,1.9,1/13/2021,United States,Lehi,Fintech,"['Point72Ventures', 'PelionVenturePartners']"
Aledade,1.9,1/19/2021,United States,Bethesda,Health,"['Venrock', 'CVFCapitalPartners']"
CoinSwitch Kuber,1.9,10/6/2021,India,Bangalore,Fintech,['TigerGlobalManagement']
ENOVATE,1.85,4/15/2019,China,Shanghai,Auto & transportation,['AutomobileIndustryGuidanceFund']
CFGI,1.85,9/15/2021,United States,Boston,Fintech,"['TheCarlyleGroup', 'CVCCapitalPartners']"
Automattic,1.8,5/27/2013,United States,San Francisco,Internet software & services,"['InsightVenturePartners', 'LowercaseCapital']"
ZocDoc,1.8,8/20/2015,United States,New York,Health,"['FoundersFund', 'KhoslaVentures', 'GoldmanSachs']"
Diamond Foundry,1.8,3/29/2021,United States,San Francisco,Other,"['FashionTechLab', 'FidelityInvestments']"
FullStory,1.8,8/4/2021,United States,Atlanta,Internet software & services,['GoogleVentures']
Lightricks,1.8,7/31/2019,Israel,Jerusalem,Artificial intelligence,"['ViolaVentures', 'InsightPartners', 'ClalTech']"
Opentrons,1.8,9/23/2021,United States,New York,Hardware,"['SOSV', 'KhoslaVentures', 'LererHippeau']"
AIWAYS,1.78,4/16/2018,China,Shanghai,Auto & transportation,['JiangsuShaSteelGroup']
Creditas,1.75,12/18/2020,Brazil,Sao Paulo,Fintech,"['KaszekVentures', 'AmadeusCapitalPartners']"
Trulioo,1.75,6/7/2021,Canada,Vancouver,Cybersecurity,"['BlumbergCapital', 'AmericanExpressVentures']"
Spinny,1.75,11/24/2021,India,Gurugram,E-commerce & direct-to-consumer,"['GeneralCatalyst', 'EleationCapital']"
Orca Security,1.8,3/23/2021,Israel,Tel Aviv-Yafo,Cybersecurity,"['YLVentures', 'RedpointVentures', 'GGVCapital']"
Cars24,1.84,11/24/2020,India,Gurgaon,E-commerce & direct-to-consumer,"['MooreStrategicVentures', 'DSTGlobal']"
Apus Group,1.73,1/16/2015,China,Beijing,Mobile & telecommunications,"['RedpointVentures', 'QiMingVenturePartners']"
Harry's Razor Company,1.7,2/16/2018,United States,New York,Consumer & retail,"['ThriveCapital', 'TigerGlobalManagement', 'Temasek']"
Allbirds,1.7,10/11/2018,United States,San Francisco,E-commerce & direct-to-consumer,"['LererHippeauVentures', 'T.RowePrice']"
PAX,1.7,10/22/2018,United States,San Francisco,Consumer & retail,"['TaoCapitalPartners', 'GlobalAssetCapital']"
Harness,1.7,1/14/2021,United States,San Francisco,Artificial intelligence,"['MenloVentures', 'AlkeonCapitalManagement']"
DispatchHealth,1.7,3/3/2021,United States,Denver,Health,"['AltaPartners', 'QuestaCapital']"
Unite Us,1.7,3/17/2021,United States,New York,Health,"['InsightPartners', 'SequoiaCapital', 'IndexVentures']"
CircleCI,1.7,5/11/2021,United States,San Francisco,Internet software & services,"['ThresholdVentures', 'BaselineVentures']"
GoStudent,1.7,6/22/2021,Austria,Vienna,Edtech,"['DNCapital', 'LeftLaneCapital', 'CoatueManagement']"
Pleo,1.7,7/6/2021,Denmark,Copenhagen,Fintech,"['Creandum', 'Founders', 'Kinnevik']"
Wave,1.7,9/7/2021,Senegal,Dakar,Fintech,"['Stripe', 'FoundersFund', 'PartechPartners']"
Vestiaire Collective,1.7,3/1/2021,France,Paris,E-commerce & direct-to-consumer,"['Eurazeo', 'IDInvestPartners', 'BaldertonCapital']"
Dragos,1.7,10/28/2021,United States,Hanover,Cybersecurity,"['DataTribe', 'EnergyImpactPartners']"
Reltio,1.7,11/4/2021,United States,Redwood City,Data management & analytics,"['CrosslinkCapital', '.406Ventures']"
H2O.ai,1.7,11/7/2021,United States,Mountain View,Artificial intelligence,"['NexusVenturePartners', 'TransamericaVentures']"
ZenBusiness,1.7,11/9/2021,United States,Austin,Fintech,"['Greycroft', 'LererHippeau', 'GeekdomFund']"
Alan,1.68,4/19/2021,France,Paris,Fintech,"['IndexVentures', 'Temasek', 'Portag3Ventures']"
wefox,1.65,3/5/2019,Germany,Berlin,Fintech,"['SalesforceVentures', 'Seedcamp', 'OMERSVentures']"
Hibob,1.65,10/12/2021,Israel,Tel Aviv,Internet software & services,['BessemerVenturePartners']
Trader Interactive,1.63,5/12/2021,United States,Norfolk,Other,['Carsales']
Jusfoun Big Data,1.62,7/9/2018,China,Beijing,Data management & analytics,"['BoxinCapital', 'DTCapitalPartners', 'IDGCapital']"
Zhubajie,1.61,6/16/2015,China,Chongqing,Internet software & services,"['CybernautGrowthFund', 'IDGCapital']"
solarisBank,1.65,7/13/2021,Germany,Berlin,Fintech,"['YabeoCapital', 'SBIInvestment', 'VulcanCapital']"
Infinidat,1.6,4/29/2015,United States,Waltham,Hardware,"['TPGGrowth', 'GoldmanSachs']"
Afiniti,1.6,4/14/2017,Bermuda,Hamilton,Artificial intelligence,['GAMHolding']
Cao Cao Mobility,1.6,1/17/2018,China,Hangzhou,Auto & transportation,['PeopleElectricalApplianceGroupChina']
Verkada,1.6,1/29/2020,United States,San Mateo,Cybersecurity,"['next47', 'FirstRoundCapital', 'SequoiaCapital']"
ASR Microelectronics,1.6,4/30/2020,China,Shanghai,Hardware,"['ShenzhenCapitalGroup', 'SequoiaCapitalChina']"
Clari,1.6,3/3/2021,United States,Sunnyvale,Internet software & services,"['SequoiaCapital', 'BainCapitalVentures']"
Tonal,1.6,3/31/2021,United States,San Francisco,E-commerce & direct-to-consumer,"['MayfieldFund', 'ShastaVentures', 'LCatterton']"
Skims,1.6,4/9/2021,United States,Los Angeles,E-commerce & direct-to-consumer,"['ThriveCapital', 'AllianceConsumerGrowth']"
Clio,1.6,4/27/2021,Canada,Burnaby,Internet software & services,"['OMERSPrivateEquity', 'T.RowePrice']"
SafetyCulture,1.6,5/3/2021,Australia,Sydney,Internet software & services,"['BlackbirdVentures', 'IndexVentures']"
Extend,1.6,5/18/2021,United States,San Francisco,Fintech,['GreatPointVentures']
Cognite,1.6,5/19/2021,Norway,Lysaker,Data management & analytics,"['TechnologyCrossoverVentures', 'Accel', 'Aker']"
ASAPP,1.6,5/19/2021,United States,New York,Artificial intelligence,"['MarchCapitalPartners', 'HOFCapital']"
SmartHR,1.6,6/8/2021,Japan,Tokyo,Fintech,"['BEENEXT', 'WorldInnovationLab']"
Mercury,1.6,7/3/2021,United States,San Francisco,Fintech,"['AndreessenHorowitz', 'CoatueManagement']"
HomeLight,1.6,9/2/2021,United States,San Francisco,Fintech,"['ZeevVentures', 'MenloVentures', 'CrosslinkCapital']"
Truepill,1.6,10/27/2021,United States,Hayward,Health,"['InitializedCapital', 'SoundVentures']"
Promasidor Holdings,1.59,11/8/2016,South Africa,Bryanston,Consumer & retail,"['IFC', 'Ajinomoto']"
Baiwang,1.55,3/25/2019,China,Beijing,Fintech,['GuozhongVentureCapitalManagement']
Iluvatar CoreX,1.55,3/1/2021,China,Shanghai,Hardware,"['CenturiumCapital', 'CedarlakeCapital']"
Wenheyou,1.55,4/17/2021,China,Hunan,Other,"['SequoiaCapitalChina', 'WarburgPincus']"
Loom,1.53,5/20/2021,United States,San Francisco,Internet software & services,['KleinerPerkinsCaufield&Byers']
Ximalaya FM,1.52,9/22/2017,China,Shanghai,Mobile & telecommunications,"['ChinaCreationVentures', 'SierraVentures']"
Carzone,1.52,3/1/2019,China,Jiangsu,E-commerce & direct-to-consumer,"['AlibabaGroup', 'Co-StoneVentureCapital']"
Mu Sigma,1.5,2/7/2013,United States,Northbrook,Data management & analytics,"['SequoiaCapital', 'GeneralAtlantic']"
TuJia,1.5,6/17/2015,China,Beijing,Travel,"['GGVCapital', 'QiMingVenturePartnersl']"
Mofang Living,1.5,4/13/2016,China,Shanghai,E-commerce & direct-to-consumer,['WarburgPincus']
Gett,1.5,5/24/2016,Israel,Tel Aviv,Auto & transportation,"['Volkswagen', 'AccessIndustries']"
DT Dream,1.5,6/8/2017,China,Hangzhou,Data management & analytics,['AlibabaGroup']
Changingedu,1.5,10/30/2017,China,Shanghai,Edtech,"['TrustbridgePartners', 'IDGCapital']"
XiaoZhu,1.5,11/1/2017,China,Beijing,Travel,"['MorningsideVentures', 'CapitalToday', 'JOYCapital']"
JOLLY Information Technology,1.5,5/29/2018,China,Hangzhou,E-commerce & direct-to-consumer,"['LegendCapital', 'CDHInvestments']"
Yijiupi,1.5,9/20/2018,China,Beijing,Consumer & retail,"['SourceCodeCapital', 'MeituanDianping']"
Cambridge Mobile Telematics,1.5,12/19/2018,United States,Cambridge,Mobile & telecommunications,['SoftBankGroup']
Collective Health,1.5,6/17/2019,United States,San Francisco,Fintech,"['NewEnterpriseAssociates', 'FoundersFund']"
Strava,1.5,11/16/2020,United States,San Francisco,Internet software & services,['JacksonSquareVentures']
Zenoti,1.5,12/15/2020,United States,Bellevue,Internet software & services,"['NorwestVenturePartners', 'Accel']"
K Health,1.5,1/19/2021,United States,New York,Health,"['MaxVentures', 'MangroveCapitalPartners', '14W']"
Uplight,1.5,3/3/2021,United States,Boulder,Other,"['RubiconTechnologyPartners', 'MaxVentures']"
ID.me,1.5,3/19/2021,United States,McLean,Cybersecurity,"['MoonshotsCapital', 'BoxGroup']"
Handshake,1.5,5/12/2021,United States,San Francisco,Internet software & services,['KleinerPerkinsCaufield&Byers']
Snapdocs,1.5,5/25/2021,United States,San Francisco,Fintech,"['SequoiaCapital', 'YCombinator', 'F-PrimeCapital']"
Chipper Cash,2.0,6/1/2021,United States,San Francisco,Fintech,"['DeciensCapital', 'BezosExpeditions', '500Startups']"
Ledger,1.5,6/10/2021,France,Paris,Hardware,"['DigitalCurrencyGroup', 'DraperEsprit']"
Next Silicon,1.5,6/14/2021,Israel,Tel Aviv,Hardware,"['AmitiVentures', 'PlaygroundGlobal', 'Aleph']"
YunQuNa,1.5,6/29/2021,China,Shanghai,"Supply chain, logistics, & delivery","['SourceCodeCapital', 'CoatueManagement']"
dbt Labs,1.5,6/30/2021,United States,Philadelphia,Data management & analytics,"['AndreessenHorowitz', 'AmplifyPartners']"
Impact,1.5,7/13/2021,United States,Santa Barbara,Internet software & services,"['RedpointVentures', 'ProvidenceEquityPartners']"
OpenSea,1.5,7/20/2021,United States,New York,E-commerce & direct-to-consumer,"['AndreessenHorowitz', 'ThirtyFiveVentures']"
SmartRecruiters,1.5,7/20/2021,United States,San Francisco,Internet software & services,"['MayfieldFund', 'InsightPartners']"
NotCo,1.5,7/26/2021,Chile,Santiago,Artificial intelligence,"['KaszekVentures', 'SOSV', 'TigerGlobalManagement']"
Culture Amp,1.5,7/29/2021,Australia,Richmond,Internet software & services,"['FelicisVentures', 'IndexVentures']"
TaxBit,1.5,8/4/2021,United States,Draper,Fintech,"['InsightPartners', 'CoinbaseVentures']"
Pacaso,1.5,3/24/2021,United States,Cincinnati,Fintech,"['GlobalFoundersCapital', 'SheaVentures', 'Greycroft']"
1047 Games,1.5,9/14/2021,United States,Zephyr Cove,Internet software & services,"['VGames', 'Lakestar', 'GalaxyInteractive']"
Matillion,1.5,9/15/2021,United Kingdom,Altrincham,Data management & analytics,"['ScaleVenturePartners', 'SapphireVentures']"
Persona,1.5,9/15/2021,United States,San Francisco,Cybersecurity,"['CoatueManagement', 'IndexVentures', 'FoundersFund']"
Whatnot,1.5,9/16/2021,United States,Marina del Rey,E-commerce & direct-to-consumer,"['YCombinator', 'AndreessenHorowitz']"
Ascend Money,1.5,9/27/2021,Thailand,Bangkok,Fintech,"['AntGroup', 'CharoenPokphandGroup']"
Andela,1.5,9/29/2021,United States,New York,Internet software & services,"['SparkCapital', 'GoogleVentures']"
Built,1.5,9/30/2021,United States,Nashville,Internet software & services,"['NycaPartners', 'IndexVentures']"
candy.com,1.5,10/21/2021,United States,New York,Fintech,"['InsightPartners', 'SoftbankGroup']"
Devo,1.5,10/26/2021,United States,Cambridge,Data management & analytics,"['InsightPartners', 'KiboVentures']"
CoinList,1.5,10/15/2021,United States,San Francisco,Fintech,"['Accomplice', 'PolychainCapital']"
Lusha,1.5,11/10/2021,United States,New York,Internet software & services,"['PSG', 'IONCrossoverPartners']"
CureFit,1.5,11/10/2021,India,Bengaluru,Health,"['ChirataeVentures', 'Accel', 'KalaariCapital']"
Yipin Shengxian,1.49,3/11/2019,China,Hefei,E-commerce & direct-to-consumer,"['EasternBellCapital', 'CapitalToday']"
Bordrin Motors,1.48,6/3/2019,China,Shanghai,Auto & transportation,"['ChinaGrandProsperityInvestment', 'CSCGroup']"
Coocaa,1.45,3/16/2018,China,Shenzhen,Hardware,"['Baidu', 'TencentHoldings']"
Juma Peisong,1.45,11/26/2018,China,Chengdu,"Supply chain, logistics, & delivery","['DingXiangCapital', 'NewHopeFund']"
Ouyeel,1.45,6/27/2019,China,Shanghai,Internet software & services,['TaigangVentureCapital']
Gymshark,1.45,8/14/2020,United Kingdom,Solihull,E-commerce & direct-to-consumer,['GeneralAtlantic']
Zeta,1.45,5/24/2021,United States,San Francisco,Fintech,"['SodexoVentures', 'SoftBankGroup']"
M1 Finance,1.45,7/14/2021,United States,Chicago,Fintech,['LeftLaneCapital']
Justworks,1.43,1/28/2020,United States,New York,Internet software & services,"['IndexVentures', 'ThriveCapital']"
SonderMind,1.42,7/28/2021,United States,Denver,Health,"['KickstartFund', 'GeneralCatalyst', 'DriveCapital']"
Papa,1.4,11/4/2021,United States,Miami,Health,"['InitializedCapital', 'CanaanPartners']"
Koudai,1.4,10/23/2014,China,Beijing,E-commerce & direct-to-consumer,['NewEnterpriseAssociates']
Symphony,1.4,5/16/2017,United States,New York,Fintech,"['BNPParibas', 'GoldmanSachs', 'Google']"
Yidian Zixun,1.4,10/17/2017,China,Beijing,Mobile & telecommunications,"['PhoenixNewMedia', 'TianjinHaiheIndustryFund']"
Cabify,1.4,1/22/2018,Spain,Madrid,Auto & transportation,"['SeayaVentures', 'OtterRockCapital', 'Rakuten']"
Hive Box,1.4,1/23/2018,China,Shenzhen,"Supply chain, logistics, & delivery","['EasternBellCapital', 'SFHoldingCo', 'STOExpress']"
Deezer,1.4,8/2/2018,France,Paris,Internet software & services,"['OrangeDigitalVentures', 'AccessIndustries']"
Away,1.4,5/15/2019,United States,New York,E-commerce & direct-to-consumer,"['GlobalFoundersCapital', 'ComcastVentures']"
Kong,1.4,12/31/2020,United States,San Francisco,Internet software & services,"['NewEnterpriseAssociates', 'CRV', 'IndexVentures']"
Epidemic Sound,1.4,3/11/2021,Sweden,Stockholm,Internet software & services,"['EQTPartners', 'Blackstone']"
Yotpo,1.4,3/18/2021,United States,New York,Internet software & services,['BessemerVenturePartners']
Rebel Foods,1.4,10/7/2021,India,Pune,E-commerce & direct-to-consumer,"['SequoiaCapitalIndia', 'LightboxVentures']"
Coda,1.4,7/8/2021,United States,Mountain View,Internet software & services,"['GreylockPartners', 'GeneralCatalyst']"
Five Star Business Finance,1.4,3/26/2021,India,Chennai,Other,['SequoiaCapitalIndia']
Stash,1.4,2/3/2021,United States,New York,Fintech,"['GoodwaterCapital', 'EntreeCapital', 'ValarVentures']"
Phenom People,1.4,4/7/2021,United States,Ambler,Internet software & services,"['SierraVentures', 'AXAVenturePartners']"
GupShup,1.4,4/8/2021,United States,San Francisco,Internet software & services,['HelionVenturePartners']
Degreed,1.4,4/13/2021,United States,Pleasanton,Edtech,"['SignalPeakVentures', 'OwlVentures', 'JumpCapital']"
Astranis Space Technologies,1.4,4/14/2021,United States,San Francisco,Mobile & telecommunications,"['RefactorCapital', 'AndreessenHorowitz']"
ChargeBee Technologies,1.4,4/20/2021,United States,Walnut,Fintech,"['InsightPartners', 'TigerGlobalManagement', 'Accel']"
Scalable Capital,1.4,6/8/2021,Germany,Munich,Fintech,"['BlackRock', 'TengelmannVentures']"
VideoAmp,1.4,10/21/2021,United States,Los Angeles,Internet software & services,"['SimonEquityPartners', 'WavemakerPartners']"
Panther Labs,1.4,12/2/2021,United States,San Francisco,Cybersecurity,"['InnovationEndeavors', 's28Capital']"
Veepee,1.38,7/20/2007,France,La Plaine Saint-Denis,E-commerce & direct-to-consumer,"['SummitPartners', 'QatarHolding']"
DeepBlue Technology,1.35,4/16/2018,China,Shanghai,Artificial intelligence,"['DESUNCapital', 'YunfengCapital', 'MeridianCapital']"
Klook,1.35,8/7/2018,Hong Kong,Central,Travel,"['SequoiaCapitalChina', 'GoldmanSachs']"
Yaoshibang,1.35,6/15/2021,China,Guangzhou,Health,"['GreenPineCapitalPartners', 'IvyCapital']"
At-Bay,1.35,7/27/2021,United States,Mountain View,Fintech,"['LightspeedVenturePartners', 'KhoslaVentures']"
Alloy,1.35,9/30/2021,United States,New York,Fintech,"['BessemerVenturePartners', 'EniacVentures']"
Signifyd,1.34,4/15/2021,United States,San Jose,Fintech,"['MenloVentures', 'ResoluteVentures', 'IAVentures']"
Motorway,1.33,11/29/2021,United Kingdom,London,E-commerce & direct-to-consumer,"['MarchmontVentures', 'BMWiVentures']"
Flipboard,1.32,7/22/2015,United States,Palo Alto,Internet software & services,['KleinerPerkinsCaufield&Byers']
Grove Collaborative,1.32,9/6/2019,United States,San Francisco,E-commerce & direct-to-consumer,"['MHSCapital', 'NextViewVentures', 'MayfieldFund']"
GPclub,1.32,10/22/2018,South Korea,Seoul,Other,['GoldmanSachs']
Tongdun Technology,1.32,4/25/2019,China,Hangzhou,Cybersecurity,"['AdvantechCapital', 'TemasekHoldingsLtd.']"
Alzheon,1.31,9/30/2020,United States,Framingham,Health,"['ARCHVenturePartners', 'AllyBridgeGroup']"
HeartFlow,1.3,12/4/2017,United States,Redwood City,Health,['BlueCrossBlueShieldVenturePartners']
Sonder,1.3,7/11/2019,United States,San Francisco,Travel,"['StructureCapital', 'SparkCapital']"
Trax,1.3,7/22/2019,Singapore,,Artificial intelligence,"['HopuInvestmentManagement', 'BoyuCapital']"
You & Mr Jones,1.3,11/19/2019,United States,New York,Other,['Undisclosed']
InSightec,1.3,3/6/2020,Israel,Tirat Carmel,Health,"['YorkCapitalManagement', 'GEHealthcare']"
Everly Health,1.3,12/3/2020,United States,Austin,E-commerce & direct-to-consumer,['HighlandCapitalPartners']
Manner,1.3,12/24/2020,China,Shanghai,Other,"['CoatueManagement', 'HCapital', 'CapitalToday']"
TalkingData,1.3,1/6/2021,China,Beijing,Mobile & telecommunications,"['N5Capital', 'CRCapitalMgmt', 'JDDigits']"
Innovaccer,1.3,2/19/2021,United States,San Francisco,Health,"['M12', 'WestBridgeCapital']"
DistroKid,1.3,8/16/2021,United States,New York,Internet software & services,['InsightPartners']
Carsome,1.3,7/12/2021,Malaysia,Selangor,E-commerce & direct-to-consumer,"['GobiPartners', '500Startups', 'OndineCapital']"
Konfio,1.3,9/29/2021,Mexico,Mexico City,Fintech,"['KaszekVentures', 'QEDInvestors']"
Betterment,1.3,9/29/2021,United States,New York,Fintech,"['BessemerVenturePartners', 'MenloVentures']"
Flock Freight,1.3,10/20/2021,United States,Encinitas,"Supply chain, logistics, & delivery","['SignalFire', 'GLPCapitalPartners', 'GoogleVentures']"
YugaByte,1.3,10/28/2021,United States,Sunnyvale,Data management & analytics,['LightspeedVenturePartners']
Starry,1.29,7/3/2018,United States,Boston,Mobile & telecommunications,"['SocialCapital', 'BessemerVenturePartners']"
Intercom,1.28,3/27/2018,United States,San Francisco,Internet software & services,"['FirstMarkCapital', 'TigerGlobalManagement']"
OVO Energy,1.28,2/14/2019,United Kingdom,Bristol,Other,"['MitsubishiCorporation', 'MayfairEquityPartners']"
Huisuanzhang,1.28,5/24/2021,China,Beijing,Fintech,"['IDGCapital', 'GaochengCapital', 'ChuanrongCapital']"
WTOIP,1.27,4/8/2018,China,Guangzhou,Internet software & services,['DarkHorseTechnologyGroup']
ezCater,1.25,4/2/2019,United States,Boston,"Supply chain, logistics, & delivery","['InsightVenturePartners', 'ICONIQCapital']"
BigID,1.25,12/16/2020,United States,New York,Cybersecurity,"['BOLDstartVentures', 'SAP.iOFund']"
Rec Room,1.25,3/23/2021,United States,Seattle,Internet software & services,"['FirstRoundCapital', 'SequoiaCapital']"
Kuaikan Manhua,1.25,12/1/2017,China,Beijing,Internet software & services,"['SequoiaCapitalChina', 'CMCCapitalPartners']"
Marshmallow,1.25,9/8/2021,United Kingdom,London,Fintech,"['PassionCapital', 'Hedosophia', 'OutrunVentures']"
Honor Technology,1.25,10/5/2021,United States,San Francisco,Internet software & services,"['AndreessenHorowitz', 'ProsusVentures']"
Mythical Games,1.25,11/4/2021,United States,Sherman Oaks,Internet software & services,"['JavelinVenturePartners', 'StruckCapital']"
Incode Technologies,1.25,12/7/2021,United States,San Francisco,Cybersecurity,"['DilaCapital', 'FrameworkVentures', '3L']"
BrewDog,1.24,4/10/2017,United Kingdom,Aberdeen,Consumer & retail,"['TSGConsumerPartners', 'Crowdcube']"
Enflame,1.24,1/5/2021,China,Shanghai,Hardware,"['TencentHoldings', 'DeltaCapital']"
EQRx,1.23,1/11/2021,United States,Cambridge,Health,"['NextechInvest', 'CasdinCapital', 'GoogleVentures']"
Nexii,1.23,9/8/2021,Canada,Vancouver,Other,"['TraneTechnologies', 'Honeywell']"
BlockDaemon,1.23,9/21/2021,United States,Los Angeles,Fintech,"['BOLDstartVentures', 'LererHippeau']"
GalaxySpace,1.22,11/17/2020,China,Beijing,Mobile & telecommunications,"['ShunweiCapitalPartners', '5YCapital']"
Spiber,1.22,9/8/2021,Japan,Tsuruoka,Other,"['CoolJapanFund', 'JAFCO', 'TheCarlyleGroup']"
Yiguo,1.2,11/9/2016,China,Shanghai,"Supply chain, logistics, & delivery","['AlibabaGroup', 'KKR', 'GoldmanSachs']"
Fair,1.2,12/20/2018,United States,Santa Monica,Auto & transportation,['CreditEaseFintechInvestmentFund']
Glossier,1.2,3/19/2019,United States,New York,Consumer & retail,['ForerunnerVentures']
Workhuman,1.2,6/23/2020,Ireland,Dublin,Internet software & services,['ICG']
Qumulo,1.2,7/16/2020,United States,Seattle,Data management & analytics,['MadronaVentureGroup']
Dialpad,1.2,10/6/2020,United States,San Francisco,Internet software & services,"['AndreessenHorowitz', 'GoogleVentures', 'Section32']"
Starburst,1.2,1/6/2021,United States,Boston,Data management & analytics,"['IndexVentures', 'CoatueManagement']"
Tealium,1.2,2/3/2021,United States,San Diego,Internet software & services,"['GeorgianPartners', 'SilverLake', 'PresidioVentures']"
Public,1.2,2/17/2021,United States,New York,Fintech,"['Accel', 'Greycroft', 'AdvancitCapital']"
Axonius,1.2,3/1/2021,United States,New York,Cybersecurity,['VertexVenturesIsrael']
Savage X Fenty,1.2,3/16/2021,United States,El Segundo,E-commerce & direct-to-consumer,"['Speedinvest', 'ValarVentures', 'UniqaVentures']"
Pipa Coding,1.2,3/25/2021,China,Beijing,Edtech,"['SourceCodeCapital', 'XVCVentureCapital']"
Pilot.com,1.2,3/26/2021,United States,San Francisco,Fintech,"['IndexVentures', 'SequoiaCapital']"
Aibee,1.2,4/13/2021,China,Beijing,Artificial intelligence,['SequoiaCapitalChina']
Cava Group,1.3,4/27/2021,United States,Washington,Other,"['SWaN&LegendVentures', 'RevolutionGrowth']"
Vectra Networks,1.2,4/29/2021,United States,San Jose,Artificial intelligence,"['IAVentures', 'KhoslaVentures', 'AMECloudVentures']"
Ada Support,1.2,5/7/2021,Canada,Toronto,Artificial intelligence,['VersionOneVentures']
Inari,1.2,5/12/2021,United States,Cambridge,Other,['FlagshipPioneering']
Project44,1.2,6/1/2021,United States,Chicago,"Supply chain, logistics, & delivery","['EmergenceCapitalPartners', '8VC', 'ChicagoVentures']"
Alation,1.2,6/3/2021,United States,Redwood City,Internet software & services,"['CostanoaVentures', 'DataCollective']"
Forto,1.2,6/21/2021,Germany,Berlin,"Supply chain, logistics, & delivery","['CherryVentures', 'NorthzoneVentures']"
SmartMore,1.2,6/24/2021,China,Shenzhen,Artificial intelligence,"['IDGCapital', 'ZhenFund', 'SequoiaCapitalChina']"
Rohlik,1.2,7/1/2021,Czech Republic,Prague,"Supply chain, logistics, & delivery","['PartechPartners', 'IndexVentures']"
Prime Medicine,1.2,7/13/2021,United States,Cambridge,Health,"['NewpathPartners', 'GoogleVentures']"
FloQast,1.2,7/21/2021,United States,Los Angeles,Fintech,"['PolarisPartners', 'InsightPartners']"
MindTickle,1.2,8/3/2021,United States,San Francisco,Internet software & services,"['QualcommVentures', 'Accel', 'CanaanPartners']"
UpGrad,1.2,8/9/2021,India,Mumbai,Edtech,"['QualcommVentures', 'Accel', 'CanaanPartners']"
DailyPay,1.2,5/18/2021,United States,New York,Fintech,"['RPMVentures', 'InspirationVentures']"
Oda,1.2,6/2/2021,Norway,Oslo,E-commerce & direct-to-consumer,"['Kinnevik', 'SoftbankGroup', 'ProsusVentures']"
Offchain Labs,1.2,8/31/2021,United States,Princeton,Internet software & services,"['PanteraCapital', 'PolychainCapital']"
Copado,1.2,9/13/2021,Spain,Madrid,Data management & analytics,"['InsightPartners', 'SalesforceVentures']"
Gem,1.2,9/28/2021,United States,San Francisco,Internet software & services,"['Accel', 'GreylockPartners']"
CarDekho,1.2,10/13/2021,India,Jaipur,E-commerce & direct-to-consumer,['SequoiaCapitalIndia']
MyGlamm,1.2,11/10/2021,India,Mumbai,E-commerce & direct-to-consumer,"[""L'Occitane"", 'TrifectaCapital']"
AgentSync,1.2,12/7/2021,United States,Denver,Fintech,"['CraftVentures', 'CaffeinatedCapital']"
Pristyn Care,1.2,12/7/2021,India,Gurugram,Health,"['SequoiaCapitalIndia', 'HummingbirdVentures']"
Jokr,1.2,12/2/2021,United States,New York,E-commerce & direct-to-consumer,"['GGVCapital', 'TigerGlobalManagement', 'Greycroft']"
L&P Cosmetic,1.19,1/1/2016,South Korea,Seoul,Consumer & retail,['CDIBCapital']
Unisound,1.19,7/19/2018,China,Beijing,Artificial intelligence,['QimingVenturePartners']
Mininglamp Technology,1.19,3/27/2019,China,Beijing,Artificial intelligence,['Russia-ChinaInvestmentFund']
Sysdig,1.19,4/28/2021,United States,San Francisco,Cybersecurity,"['Accel', 'BainCapitalVentures', 'InsightPartners']"
Luoji Siwei,1.18,7/20/2017,China,Beijing,Edtech,['SequoiaCapitalChina']
Yimidida,1.17,1/14/2019,China,Shanghai,"Supply chain, logistics, & delivery",['SourceCodeCapital']
Modern Health,1.17,2/11/2021,United States,San Francisco,Health,['KleinerPerkinsCaufield&Byers']
IRL,1.17,6/15/2021,United States,San Francisco,Internet software & services,"['GoodwaterCapital', 'Floodgate', 'FoundersFund']"
Tuhu,1.16,9/15/2018,China,Shanghai,Auto & transportation,"['QimingVenturePartners', 'YaxiaAutomobile']"
SVOLT Energy,1.16,6/8/2020,China,Changzhou,Auto & transportation,"['IDGCapital', 'BankOfChinaGroupInvestment', '']"
LifeMiles,1.15,7/13/2015,Colombia,Bogota,Other,['AdventInternational']
Venafi,1.15,12/10/2020,United States,Salt Lake City,Cybersecurity,"['PelionVenturePartners', 'FoundationCapital']"
Guideline,1.15,6/16/2021,United States,San Mateo,Fintech,"['PelionVenturePartners', 'FoundationCapital']"
Rebellion Defense,1.15,9/16/2021,United States,Washington DC,Artificial intelligence,"['Venrock', 'InnovationEndeavors', 'InsightsPartners']"
Elemy,1.15,10/6/2021,United States,San Francisco,Health,"['GeneralCatalyst', 'BlingCapital', 'FelicisVentures']"
Doctolib,1.14,3/19/2019,France,Paris,Health,"['BPIFrance', 'KeralaVentures', 'Accel']"
STORD,1.13,9/13/2021,United States,Atlanta,"Supply chain, logistics, & delivery","['DynamoVC', 'SusaVentures', 'FoundersFund']"
TELD,1.12,12/16/2019,China,Qingdao,Fintech,"['ChinaReformFund', 'GaopengCapital', 'JinhuiXingye']"
TangoMe,1.1,3/20/2014,United States,Mountain View,Mobile & telecommunications,"['DraperFisherJurtson', 'QualcommVentures']"
AppDirect,1.1,10/7/2015,United States,San Francisco,E-commerce & direct-to-consumer,"['Mithril', 'iNoviaCapital', 'FoundryGroup']"
Juanpi,1.1,4/14/2016,China,Wuhan,E-commerce & direct-to-consumer,"['TiantuCapital', 'SAIFPartnersChina']"
OVH,1.1,8/15/2016,France,Roubaix,Other,"['KKR', 'TowerBrookCapitalPartners']"
Eat Just,1.1,11/30/2017,United States,San Francisco,Consumer & retail,"['KhoslaVentures', 'HorizonsVentures', 'FoundersFund']"
GetYourGuide,1.1,5/16/2019,Germany,Berlin,Travel,"['SparkCapital', 'HighlandEurope', 'SunstoneCapital']"
Ivalua,1.1,5/21/2019,United States,Redwood City,Fintech,"['Ardian', 'TigerGlobalManagement', 'KKR']"
Sisense,1.1,1/9/2020,United States,New York,Data management & analytics,"['OpusCapital', 'GenesisPartners', 'BatteryVentures']"
Course Hero,1.1,2/12/2020,United States,Redwood City,Edtech,"['NewViewCapital', 'Maveron', 'RidgeVentures']"
Pharmapacks,1.1,11/12/2020,United States,Islandia,E-commerce & direct-to-consumer,['TheCarlyleGroup']
SalesLoft,1.1,1/6/2021,United States,Atlanta,Internet software & services,"['CaffeinatedCapital', 'ObviousVentures', 'Venrock']"
Sennder,1.1,1/14/2021,Germany,Berlin,"Supply chain, logistics, & delivery","['AccelmScaniaGrowthCapital', 'Lakestar']"
Nexthink,1.1,2/8/2021,Switzerland,Prilly,Data management & analytics,"['Auriga', 'GaleoVentures', 'HighlandEurope']"
Zego,1.1,3/9/2021,United Kingdom,London,Fintech,"['LocalGlobe', 'BaldertonCapital', 'TargetGlobal']"
Rightway,1.1,3/30/2021,United States,New York,Health,"['ThriveCapital', 'KhoslaVentures']"
Sunbit,1.1,5/20/2021,United States,Los Angeles,Fintech,"['ZeevVentures', 'Group11', 'ChicagoVentures']"
Qingting FM,1.1,6/2/2021,China,Shanghai,Internet software & services,['ChinaCultureIndustrialInvestmentFund']
Amber Group,1.1,6/21/2021,Hong Kong,,Fintech,"['TigerGlobalManagement', 'TigerBrokers']"
G2,1.1,6/22/2021,United States,Chicago,Internet software & services,"['PritzkerGroupVentureCapital', 'Accel']"
Hailo,1.0,6/23/2021,Israel,Tel Aviv,Artificial intelligence,"['GloryVentures', 'ManivMobility']"
People.ai,1.1,8/11/2021,United States,San Francisco,Internet software & services,"['GGVCapital', 'LightspeedVenturePartners']"
CoinDCX,1.1,8/10/2021,India,Maharashtra,Fintech,"['PolychainCapital', 'CoinbaseVentures']"
Carousell,1.1,9/15/2021,Singapore,,E-commerce & direct-to-consumer,"['500Global', 'RakutenVentures']"
apna,1.1,9/15/2021,India,Bengaluru,Internet software & services,"['SequoiaCapitalIndia', 'Rocketship.vc']"
Karat,1.1,10/13/2021,United States,Seattle,Internet software & services,"['8VC', 'NorwestVenturePartners']"
Enpal,1.1,10/18/2021,Germany,Berlin,Internet software & services,"['HVCapital', 'SoftbankGroup', 'BlackRock']"
Acko General Insurance,1.1,10/18/2021,India,Bengaluru,Fintech,"['IntactVentures', 'MunichReVentures']"
Daily Harvest,1.1,11/16/2021,United States,New York,E-commerce & direct-to-consumer,"['M13', 'LightspeedVenturePartners']"
The Bank of London,1.1,11/30/2021,United Kingdom,London,Fintech,"['MangroveCapitalPartners', '14W.ForgeLight']"
Fundbox,1.1,11/30/2021,United States,San Francisco,Fintech,"['KhoslaVentures', 'GeneralCatalyst']"
Nxin,1.08,9/18/2018,China,Beijing,Internet software & services,[]
UISEE Technology,1.08,1/25/2021,China,Beijing,"Supply chain, logistics, & delivery",['ShenzhenCapitalGroup']
56PINGTAI,1.08,1/25/2021,China,Shanghai,"Supply chain, logistics, & delivery","['QFCapital', 'QCCapital']"
Rubicon Global,1.07,8/25/2017,United States,Atlanta,Other,"['GoldmanSachs', 'LeonardoDiCaprio', 'Promecap']"
Radius Payment Solutions,1.07,11/27/2017,United Kingdom,Crewe,Fintech,['InflexionPrivateEquity']
Rivigo,1.07,7/11/2019,India,Gurgaon,"Supply chain, logistics, & delivery","['SAIFPartnersIndia', 'WarburgPincus']"
Jiuxian,1.05,7/30/2015,China,Beijing,E-commerce & direct-to-consumer,"['SequoiaCapitalChina', 'RichLandCapital']"
Instabase,1.05,10/21/2019,United States,San Francisco,Data management & analytics,"['NewEnterpriseAssociates', 'GreylockPartners']"
Hesai Tech,1.05,8/1/2020,China,Shanghai,Artificial intelligence,"['LightspeedChinaPartners', 'BaiduVentures']"
Proterra,1.05,10/15/2020,United States,Burlingame,"Supply chain, logistics, & delivery","['GMVentures', 'VentureSouth']"
Sendbird,1.05,4/6/2021,United States,San Mateo,Mobile & telecommunications,"['FundersClub', 'YCombinator']"
Density,1.05,11/10/2021,United States,San Francisco,Hardware,"['FoundersFund', 'UpfrontVentures', '01Advisors']"
Mixpanel,1.05,11/15/2021,United States,San Francisco,Internet software & services,['BainCapitalTechOpportunities']
Aprogen,1.04,5/31/2019,South Korea,Seongnam-Si,Health,['LindemanAsiaInvestment']
OrCam Technologies,1.03,2/20/2018,Israel,Jerusalem,Artificial intelligence,"['IntelCapital', 'AvivVentureCapital']"
Leap Motor,1.01,11/20/2018,China,Hangzhou,Auto & transportation,['SequoiaCapitalChina']
Lookout,1.0,10/10/2013,United States,San Francisco,Cybersecurity,"['AccelPartners', 'GreylockPartners']"
Snapdeal,1.0,5/21/2014,India,New Delhi,E-commerce & direct-to-consumer,"['SoftBankGroup', 'Blackrock', 'AlibabaGroup']"
TechStyle Fashion Group,1.0,8/29/2014,United States,El Segundo,E-commerce & direct-to-consumer,"['MatrixPartners', 'PassportCapital', 'RhoVentures']"
InMobi,1.0,12/2/2014,India,Bengaluru,Mobile & telecommunications,['KleinerPerkinsCaufield&Byers']
LinkSure Network,1.0,1/1/2015,China,Shanghai,Mobile & telecommunications,['NaN']
Red Ventures,1.0,1/7/2015,United States,Fort Mill,Other,"['SilverLakePartners', 'GeneralAtlantic']"
BeiBei,1.0,1/22/2015,China,Hangzhou,E-commerce & direct-to-consumer,"['BanyanCapital', 'NewHorizonCapital']"
Lamabang,1.0,3/6/2015,China,Shenzhen,E-commerce & direct-to-consumer,"['5YCapital', 'MatrixPartnersChina', 'K2VC']"
JimuBox,1.0,4/21/2015,China,Beijing,Fintech,"['MatrixPartnersChina', 'VentechChina']"
BenevolentAI,1.0,6/2/2015,United Kingdom,London,Artificial intelligence,['WoodfordInvestmentManagement']
FXiaoKe,1.0,7/2/2015,China,Beijing,Mobile & telecommunications,"['IDGCapital', 'NorthernLightVentureCapital']"
Vox Media,1.0,8/12/2015,United States,Washington,Internet software & services,"['AccelPartners', 'ComcastVentures']"
Mia.com,1.0,9/8/2015,China,Beijing,E-commerce & direct-to-consumer,"['SequoiaCapitalChina', 'ZhenFund', 'K2Ventures']"
58 Daojia,1.0,10/12/2015,China,Beijing,Internet software & services,"['KKR', 'AlibabaGroup', 'PingAnInsurance']"
Womai,1.0,10/12/2015,China,Beijing,E-commerce & direct-to-consumer,"['SAIFPartnersChina', 'Baidu', 'IDGCapital']"
HuJiang,1.0,10/29/2015,China,Shanghai,Edtech,"['ChinaMinshengInvestment', 'Baidu', 'WanxinMedia']"
iTutorGroup,1.0,11/18/2015,China,Shanghai,Edtech,"['QiMingVenturePartners', 'TemasekHoldings']"
MindMaze,1.0,1/28/2016,Switzerland,Lausanne,Health,['HindujaGroup']
iCarbonX,1.0,4/12/2016,China,Shenzhen,Artificial intelligence,"['Tencent', 'Vcanbio']"
SMS Assist,1.0,6/7/2016,United States,Chicago,Internet software & services,"['GoldmanSachs', 'InsightsVenturePartners']"
Kendra Scott,1.0,12/21/2016,United States,Austin,Consumer & retail,"['BerkshirePartners', 'NorwestVenturePartners']"
Mobvoi,1.0,4/6/2017,China,Beijing,Consumer & retail,"['SequoiaCapitalChina', 'SIGAsiaInvestments']"
Zhuan Zhuan,1.0,4/18/2017,China,Beijing,E-commerce & direct-to-consumer,"['58.com', 'TencentHoldings']"
Modernizing Medicine,1.0,5/10/2017,United States,Boca Raton,Health,"['WarburgPincus', 'SummitPartners', 'SandsCapital']"
Zhaogang,1.0,6/29/2017,China,Shanghai,E-commerce & direct-to-consumer,"['K2Ventures', 'MatrixPartnersChina', 'IDGCapital']"
DianRong,1.0,8/2/2017,China,Shanghai,E-commerce & direct-to-consumer,"['StandardChartered', 'FinSightVentures']"
Cell C,1.0,8/7/2017,South Africa,Midrand,Mobile & telecommunications,"['BlueLabelTelecoms', 'Net1UEPSTechnologies']"
YH Global,1.0,9/21/2017,China,Shenzhen,"Supply chain, logistics, & delivery","['Co-EnergyFinance', 'Grandland']"
Revolution Precrafted,1.0,10/23/2017,Philippines,Manila,Other,"['K2Global', '500Startups']"
WeLab,1.0,11/8/2017,Hong Kong,,Fintech,"['SequoiaCapitalChina', 'ING']"
Maimai,1.0,11/15/2017,China,Beijing,Mobile & telecommunications,"['MorningsideVentureCapital', 'IDGCapital']"
Dxy.cn,1.0,4/10/2018,China,Hangzhou,Health,"['TencentHoldings', 'DCMVentures']"
Orbbec Technology,1.0,5/21/2018,China,Shenzhen,Hardware,"['R-ZCapital', 'GreenPineCapitalPartners']"
HMD Global,1.0,5/21/2018,Finland,Espoo,Mobile & telecommunications,['GinkoVentures']
Huike Group,1.0,5/24/2018,China,Beijing,Edtech,"['FosunRZCapital', 'OceanwideHoldings']"
China Cloud,1.0,6/11/2018,China,Wuxi,Hardware,['VStarCapital']
LinkDoc Technology,1.0,7/5/2018,China,Beijing,Health,['ChinaInvestmentCorporation']
MediaMath,1.0,7/10/2018,United States,New York,Internet software & services,"['SiliconValleyBank', 'QEDInvestors']"
Movile,1.0,7/12/2018,Brazil,Sao Paulo,Mobile & telecommunications,"['InnovaCapital-FIP', '3GCapitalManagement']"
Kuaigou Dache,1.0,7/13/2018,China,Tianjin,"Supply chain, logistics, & delivery","['SequoiaCapitalChina', 'InnoVisionCapital']"
Pat McGrath Labs,1.0,7/16/2018,United States,New York,Consumer & retail,"['OneLuxuryGroup', 'Eurazeo']"
Wacai,1.0,7/18/2018,China,Hangzhou,Mobile & telecommunications,['QimingVenturePartners']
Medlinker,1.0,7/31/2018,China,Chengdu,Health,['ChinaHealthIndustryInvestmentFund']
FlashEx,1.0,8/27/2018,China,Beijing,"Supply chain, logistics, & delivery","['PrometheusCapital', 'MatrixPartnersChina']"
Branch,1.0,9/10/2018,United States,Redwood City,Mobile & telecommunications,"['NewEnterpriseAssociates', 'Pear', 'CowboyVentures']"
Banma Network Technologies,1.0,9/13/2018,China,Shanghai,Auto & transportation,['YunfengCapital']
Tresata,1.0,10/10/2018,United States,Charlotte,Fintech,['GCPCapitalPartners']
Momenta,1.0,10/17/2018,China,Beijing,Artificial intelligence,"['SinovationVentures', 'TencentHoldings']"
Hosjoy,1.0,10/18/2018,China,Nanjing,E-commerce & direct-to-consumer,"['U.S.-ChinaGreenFund', 'FounderHFund']"
Omio,1.0,10/23/2018,Germany,Berlin,Travel,"['Lakestar', 'BatteryVentures']"
TERMINUS Technology,1.0,10/25/2018,China,Beijing,Hardware,"['ChinaEverbrightLimited', 'IDGCapital', 'iFLYTEK']"
BitFury,1.0,11/6/2018,Netherlands,Amsterdam,Hardware,"['GeorgianCo-InvestmentFund', 'iTechCapital']"
iFood,1.0,11/13/2018,Brazil,Osasco,"Supply chain, logistics, & delivery","['Movile', 'JustEat', 'Naspers']"
Geek+,1.0,11/21/2018,China,Beijing,Hardware,"['VolcanicsVentures', 'VertexVenturesChina']"
REEF Technology,1.0,12/10/2018,United States,Miami,"Supply chain, logistics, & delivery","['TargetGlobal', 'UBSAssetManagement']"
Globality,1.0,1/22/2019,United States,Menlo Park,Artificial intelligence,['SoftBankGroup']
Ynsect,1.0,2/21/2019,France,Evry,Other,"['AstanorVentures', 'UpfrontVentures']"
Intellifusion,1.0,3/22/2019,China,Shenzhen,Artificial intelligence,"['BOCInternational', 'TopoScendCapital', 'HongxiuVC']"
Liquid,1.0,4/3/2019,Japan,Tokyo,Fintech,"['JAFCOCo', 'BitmainTechnologies', 'IDGCapital']"
Poizon,1.0,4/29/2019,China,Shanghai,Mobile & telecommunications,"['DSTGlobal', 'SequoiaCapitalChina']"
VTS,1.0,5/7/2019,United States,New York,Internet software & services,"['TrinityVentures', 'FifthWallVentures']"
SITECH DEV,1.0,5/16/2019,China,Guiyang,Other,['ChinaProsperityCapital']
KnowBox,1.0,5/30/2019,China,Beijing,Edtech,"['TALEducationGroup', 'LegendStar', 'AlibabaGroup']"
Yanolja,1.0,6/10/2019,South Korea,Seoul,Travel,"['SBIInvestmentKorea', 'PartnersInvestment', 'GIC']"
Meero,1.0,6/18/2019,France,Paris,Artificial intelligence,"['AglaeVentures', 'GlobalFoundersCapital']"
SumUp,1.0,7/16/2019,United Kingdom,London,Fintech,"['AmericanExpressVentures', 'GoldmanSachs']"
Ibotta,1.0,8/6/2019,United States,Denver,Fintech,['KochDisruptiveTechnologies']
C2FO,1.0,8/7/2019,United States,Leawood,Fintech,['UnionSquareVentures']
Numbrs,1.0,8/22/2019,Switzerland,Zurich,Fintech,"['InvestmentCorporationofDubai', 'Centralway']"
Dave,1.0,9/30/2019,United States,Los Angeles,Fintech,"['Section32', 'SVAngel', 'NorwestVenturePartners']"
EBANX,1.0,10/16/2019,Brazil,Curitiba,Fintech,"['FTVCapital', 'Endeavor']"
KK Group,3.0,10/23/2019,China,Dongguan,E-commerce & direct-to-consumer,"['MatrixPartnersChina', 'BrightVentureCapita']"
Glovo,1.0,12/19/2019,Spain,Barcelona,"Supply chain, logistics, & delivery","['IDInvestPartners', 'SeayaVentures', 'Lakestar']"
Alto Pharmacy,1.0,1/30/2020,United States,San Francisco,Health,['JacksonSquareVentures']
o9 Solutions,1.0,4/28/2020,United States,Dallas,Artificial intelligence,['KKR']
Hotmart,1.0,3/17/2020,Netherlands,Amsterdam,E-commerce & direct-to-consumer,['TechnologyCrossoverVentures']
Emerging Markets Property Group,1.0,4/28/2020,United Arab Emirates,Dubai,Other,"['OLXGroup', 'KCKGroup', 'EXORSeeds']"
Quizlet,1.0,5/13/2020,United States,San Francisco,Edtech,"['UnionSquareVentures', 'AltosVentures']"
Orca Bio,1.0,6/17/2020,United States,Menlo Park,Health,"['LightspeedVenturePartners', 'DataCollective', '8VC']"
Newlink Group,1.0,7/10/2020,China,Beijing,E-commerce & direct-to-consumer,"['JOYCapital', 'NIOCapital', 'BlueflameCapital']"
Infobip,1.0,7/30/2020,Croatia,Vodnjan,Mobile & telecommunications,['OneEquityPartners']
Zwift,1.0,9/16/2020,United States,Long Beach,E-commerce & direct-to-consumer,"['NovatorPartners', 'True', 'CausewayMediaPartners']"
Playco,1.0,9/21/2020,Japan,Tokyo,Other,"['SozoVentures', 'CaffeinatedCapital']"
Socar,1.0,10/16/2020,South Korea,Jeju-do,Auto & transportation,"['BainCapital', 'AltosVentures', 'SonghyunInvestment']"
Gousto,1.0,11/3/2020,United Kingdom,London,"Supply chain, logistics, & delivery","['MMCVentures', 'BGFVentures', 'UnileverVentures']"
AInnovation,1.0,12/16/2020,China,Beijing,Artificial intelligence,"['CICCALPHA', 'ChengweiCapital', 'SinovationVentures']"
Boom Supersonic,1.0,12/16/2020,United States,Englewood,Other,"['WRVICapital', 'CaffeinatedCapital', 'YCombinator']"
Qualia,1.0,12/21/2020,United States,San Francisco,Fintech,"['8VC', 'MenloVentures', 'TigerGlobalManagement']"
DailyHunt,1.0,12/22/2020,India,Bengaluru,Internet software & services,"['FalconEdgeCapital', 'OmidyarNetwork']"
Dremio,1.0,1/6/2021,United States,Santa Clara,Data management & analytics,['LightspeedVenturePartners']
Quantum Metric,1.0,1/7/2021,United States,Colorado Springs,Data management & analytics,"['InsightPartners', 'BainCapitalVentures']"
News Break,1.0,1/7/2021,United States,Mountain View,Internet software & services,"['IDGCapital', 'FranciscoPartners', 'ZhenFund']"
MadeiraMadeira,1.0,1/7/2021,Brazil,Parana,E-commerce & direct-to-consumer,"['FlybridgeCapitalPartners', 'SoftBankGroup']"
PPRO,1.0,1/19/2021,United Kingdom,London,Fintech,"['WellingtonManagement', 'Eurazeo', 'CitiVentures']"
Splashtop,1.0,1/27/2021,United States,San Jose,Internet software & services,"['StormVentures', 'DFJDragonFund']"
DriveNets,1.0,1/27/2021,Israel,Ra'anana,Internet software & services,['BessemerVenturePartners']
Flash Express,1.0,2/1/2021,Thailand,Bangkok,"Supply chain, logistics, & delivery","['SCB10X', 'KrungsriFinnovate', 'eWTPCapital']"
Axiom Space,1.0,2/16/2021,United States,Houston,Other,"['C5Capital', 'HemisphereVentures']"
Locus Robotics,1.0,2/17/2021,United States,Wilmington,Hardware,"['ScaleVenturePartners', 'Bond']"
Standard Cognition,1.0,2/17/2021,United States,San Francisco,Artificial intelligence,"['CRV', 'YCombinator', 'InitializedCapital']"
Sentry,1.0,2/18/2021,United States,San Francisco,Other,"['NewEnterpriseAssociates', 'Accel', 'Bond']"
WeBull,1.0,2/18/2021,China,Changsha,Fintech,"['BojiangCapital', 'HongdaoCapital', 'MobaiCapital']"
Skydio,1.0,2/25/2021,United States,Redwood City,"Supply chain, logistics, & delivery","['AndreessenHorowitz', 'AndreessenHorowitz']"
Newsela,1.0,2/25/2021,United States,New York,Internet software & services,"['OwlVentures', 'TechnologyCrossoverVentures']"
Flutterwave,1.0,3/9/2021,United States,San Francisco,Fintech,"['GreenVisorCapital', 'CREVentureCapital']"
Aqua Security,1.0,3/10/2021,Israel,Ramat Gan,Cybersecurity,"['TLVPartners', 'LightspeedVenturePartners', 'M12']"
PatSnap,1.0,3/16/2021,Singapore,,Internet software & services,['SequoiaCapitalChina']
Evidation,1.0,3/22/2021,United States,San Mateo,Health,"['BCapitalGroup', '', 'GEVentures', 'McKessonVentures']"
Sidecar Health,1.0,1/26/2021,United States,El Segundo,Fintech,"['GreatPointVentures', 'TigerGlobalManagement']"
Lattice,1.0,3/23/2021,United States,San Francisco,Internet software & services,"['KhoslaVentures', 'ThriveCapital', 'YCombinator']"
Feedzai,1.0,3/24/2021,United States,San Mateo,Artificial intelligence,"['GlobalFoundersCapital', 'SheaVentures', 'Greycroft']"
Yunxuetang,1.0,3/29/2021,China,Suzhou,Edtech,"['MatrixPartnersChina', 'SequoiaCapitalChina']"
Cameo,1.0,3/30/2021,United States,Chicago,Internet software & services,['LightspeedVenturePartners']
Fetch Rewards,1.0,3/31/2021,United States,Madison,E-commerce & direct-to-consumer,"['Greycroft', 'Loeb.NYC', 'DSTGlobal']"
Hyperchain,1.0,4/11/2021,China,Hangzhou,Fintech,"['YinhongEquityInvestmentFund', 'EFund']"
The Zebra,1.0,4/12/2021,United States,Austin,E-commerce & direct-to-consumer,"['SilvertonPartners', 'Accel', 'BallastPointVentures']"
Clearcover,1.0,4/13/2021,United States,Chicago,Fintech,"['AmericanFamilyVentures', 'CoxEnterprises']"
Groq,1.0,4/14/2021,United States,Mountain View,Artificial intelligence,"['TDKVentures', 'SocialCapital', 'D1CapitalPartners']"
Fiture,1.0,4/14/2021,China,Chengdu,Health,['BertelsmannAsiaInvestments']
Injective Protocol,1.0,4/20/2021,United States,New York,Fintech,"['PanteraCapital', 'CadenzaVentures']"
Sift,1.0,4/22/2021,United States,San Francisco,Artificial intelligence,"['UnionSquareVentures', 'InsightPartners']"
SaltPay,1.0,4/23/2021,United Kingdom,London,Fintech,"['TigerGlobalManagement', 'Hedosophia']"
Capsule,1.0,4/28/2021,United States,New York,Health,"['ThriveCapital', 'DurableCapitalPartners']"
MOLOCO,1.5,4/29/2021,United States,Redwood City,Artificial intelligence,"['SmilegateInvestment', 'DSCInvestments']"
Mux,1.0,4/30/2021,United States,San Francisco,Internet software & services,"['Accel', 'CobaltCapital', 'AndreessenHorowitz']"
XForcePlus,1.0,6/1/2021,China,Shanghai,Internet software & services,"['EasternBellCapital', 'DanhuaCapital', 'MSACapital']"
Firefly Aerospace,1.0,5/4/2021,United States,Cedar Park,Other,"['XBTOVentures', 'RavenOneVentures', 'SKVentures']"
HoneyBook,1.1,5/4/2021,United States,San Francisco,Internet software & services,"['NorwestVenturePartners', 'HillsvenCapital', 'Aleph']"
Shift Technology,1.0,5/5/2021,France,Paris,Artificial intelligence,"['GriffinGamingPartners', 'AndreessenHorowitz']"
TensTorrent,1.0,5/5/2021,Canada,Toronto,Artificial intelligence,"['EclipseVentures', 'FidelityInvestments']"
Zihaiguo,1.0,5/6/2021,China,Chongqing,Consumer & retail,['XingwangInvestmentManagement']
Forte Labs,1.0,5/12/2021,United States,San Francisco,Fintech,"['IrisCapital', 'Accel', 'ElaiaPartners']"
Axtria,1.0,5/13/2021,United States,Berkeley Heights,Data management & analytics,['HelionVenturePartners']
Amount,1.0,5/17/2021,United States,Chicago,Fintech,"['InvusGroup', 'HanacoVentureCapital']"
Moglix,1.0,5/17/2021,Singapore,,E-commerce & direct-to-consumer,"['JungleVentures', 'Accel', 'VentureHighway']"
Vise,1.0,5/18/2021,United States,New York,Fintech,"['SequoiaCapital', 'FoundersFund', 'BlingCapital']"
Printful,1.0,5/24/2021,United States,Charlotte,Other,['BregalSagemount']
Matrixport,1.0,6/1/2021,Singapore,,Fintech,"['DragonflyCaptial', 'QimingVenturePartners']"
Shippo,1.0,6/2/2021,United States,San Francisco,"Supply chain, logistics, & delivery","['VersionOneVentures', 'UncorkCapital']"
Thirty Madison,1.0,6/2/2021,United States,New York,Health,"['NorthzoneVentures', 'Maveron']"
LetsGetChecked,1.0,6/7/2021,Ireland,Dublin,Health,"['OptumVentures', 'QimingVenturePartners']"
EcoFlow,1.0,6/10/2021,China,Shenzhen,Hardware,['DelianCapital']
Carro,1.0,6/14/2021,Singapore,,E-commerce & direct-to-consumer,"['SingTelInnov8', 'AlphaJWCVentures']"
Tractable,1.0,6/16/2021,United Kingdom,London,Artificial intelligence,"['InsightPartners', 'IgnitionPartners']"
Bringg,1.0,6/16/2021,Israel,Tel Aviv,"Supply chain, logistics, & delivery","['SalesforceVentures', 'next47', 'PeregVentures']"
Claroty,1.0,6/17/2021,United States,New York,Cybersecurity,"['BessemerVenturePartners', 'MoreVC', 'Team8']"
JoyTunes,1.0,6/21/2021,Israel,Tel Aviv,Edtech,"['GenesisPartners', 'Aleph', 'InsightPartners']"
Aircall,1.0,6/23/2021,United States,New York,Internet software & services,"['BaldertonCapital', 'NextWorldCapital']"
SmartAsset,1.0,6/24/2021,United States,New York,Fintech,"['JavelinVenturePartners', 'TTVCapital']"
Morning Consult,1.0,6/8/2021,United States,Washington DC,Internet software & services,['AdvanceVenturePartners']
Visier,1.0,6/29/2021,Canada,Vancouver,Internet software & services,"['FoundationCapital', 'SummitPartners']"
ShipBob,1.0,6/29/2021,United States,Chicago,"Supply chain, logistics, & delivery",['HydeParkVenturePartners']
Dream Games,1.0,6/30/2021,Turkey,Istanbul,Mobile & telecommunications,"['MakersFund', 'IndexVentures']"
Grofers,1.01,6/30/2021,India,Gurgaon,"Supply chain, logistics, & delivery",['TigerGlobalManagement']
Kitopi,1.0,7/1/2021,United Arab Emirates,Dubai,"Supply chain, logistics, & delivery","['CE-Ventures', 'BECOCapital', 'Nordstar']"
bolttech,1.0,7/1/2021,Singapore,,Fintech,"['MundiVentures', 'DoqlingCapitalPartners']"
MobileCoin,1.0,7/7/2021,United States,San Francisco,Fintech,"['GeneralCatalyst', 'FutureVentures', 'AU21']"
Lunar,1.0,7/12/2021,Denmark,Aarhus,Fintech,"['SEEDCapital', 'GreyhoundCapital', 'SociiCapital']"
Amperity,1.0,7/13/2021,United States,Seattle,Artificial intelligence,['MadronaVentureGroup']
Remote,1.0,7/13/2021,United States,San Francisco,Fintech,"['IndexVentures', 'SequoiaCapital', 'GeneralCatalyst']"
Pantheon Systems,1.0,7/13/2021,United States,San Francisco,Internet software & services,"['FoundryGroup', 'ScaleVenturePartners']"
Xiaobing,1.0,7/12/2021,China,Beijing,Fintech,['NetEaseCapital']
Carson Group,1.0,7/14/2021,United States,Lincoln,Fintech,['BainCapital']
GO1,1.0,7/19/2021,Australia,Brisbane,Internet software & services,"['YCombinator', 'M12', 'SEEK']"
Interos,1.0,7/22/2021,United States,Arlington,Fintech,['KleinerPerkinsCaufield&Byers']
BlackBuck,1.0,7/22/2021,India,Bengaluru,"Supply chain, logistics, & delivery","['Accel', 'SandsCapital']"
NIUM,1.0,7/13/2021,Singapore,,Fintech,['VertexVenturesSEAsia']
Unico,1.0,8/3/2021,Brazil,Sao Paulo,Artificial intelligence,"['BigBets', 'GeneralAtlantic']"
Human Interest,1.0,8/4/2021,United States,San Francisco,Fintech,"['WingVentureCapital', 'SlowVentures']"
Bluecore,1.0,8/5/2021,United States,New York,Artificial intelligence,"['FirstMarkCapital', 'GeorgianPartners']"
Freshbooks,1.0,8/10/2021,Canada,Toronto,Fintech,"['Accomplice', 'OakInvestmentPartners']"
Snorkel AI,1.0,8/9/2021,United States,Palo Alto,Artificial intelligence,"['GreylockPartners', 'GoogleVentures', 'BlackRock']"
Gelato,1.0,8/16/2021,Norway,Oslo,E-commerce & direct-to-consumer,"['GreylockPartners', 'GoogleVentures', 'BlackRock']"
Maven Clinic,1.0,8/17/2021,United States,New York,Health,"['FemaleFoundersFund', 'OakHC/FTPartners']"
Zetwerk,1.33,8/20/2021,India,Bengaluru,Internet software & services,"['SequoiaCapitalIndia', 'KaeCapital', 'Accel']"
Dunamu,1.0,7/22/2021,South Korea,Seoul,Fintech,"['QualcommVentures', 'WooriInvestment']"
Shield AI,1.0,8/24/2021,United States,San Diego,Artificial intelligence,"['AndreessenHorowitz', 'Homebrew', 'Point72Ventures']"
PicsArt,1.0,8/26/2021,United States,San Francisco,Mobile & telecommunications,"['SequoiaCapital', 'DCMVentures', 'InsightPartners']"
1KMXC,1.0,8/30/2021,China,Hangzhou,Hardware,['GoldmanSachsAssetManagement']
Cider,1.0,9/2/2021,Hong Kong,,E-commerce & direct-to-consumer,"['AndreessenHorowitz', 'DSTGlobal', 'IDGCapital']"
Berlin Brands Group,1.0,9/1/2021,Germany,Berlin,E-commerce & direct-to-consumer,"['Ardian', 'BainCapital']"
Agile Robots,1.0,9/9/2021,Germany,Munich,Hardware,['HillhouseCapitalManagement']
GrubMarket,1.2,9/14/2021,United States,San Francisco,E-commerce & direct-to-consumer,"['GGVCapital', 'BlackRock', 'ACE&Company']"
Mammoth Biosciences,1.0,9/9/2021,United States,Brisbane,Health,"['NFX', 'PlumAlley', 'Mayfield']"
Orchard,1.0,9/9/2021,United States,New York,Fintech,"['Accomplice', 'Juxtapose', 'FirstMarkCapital']"
Xendit,1.0,9/14/2021,Indonesia,Jakarta,Fintech,"['Accel', 'YCombinator', 'Amasia']"
TrueLayer,1.0,9/21/2021,United Kingdom,London,Fintech,"['Anthemis', 'ConnectVentures', 'NorthzoneVentures']"
Assembly,1.0,9/21/2021,United States,Culver City,Internet software & services,"['AdventInternational', 'PSG']"
PandaDoc,1.0,9/22/2021,United States,San Francisco,Internet software & services,"['RembrandtVenturePartners', 'M12', 'AltosVentures']"
Keenon Robotics,1.0,9/15/2021,China,Shanghai,"Supply chain, logistics, & delivery","['YunqiPartners', 'SoftBankGroup', 'iVisionVentures']"
HAYDON,1.0,9/24/2021,China,Shanghai,Consumer & retail,"['TencentHoldings', 'HillhouseCapitalManagement']"
Ninja Van,1.0,9/27/2021,Singapore,,"Supply chain, logistics, & delivery","['BCapitalGroup', ""Monk'sHillVentures""]"
Vedantu,1.0,9/29/2021,India,Bengaluru,Edtech,"['Accel', 'TigerGlobalManagement', 'OmidyarNetwork']"
TrialSpark,1.0,9/30/2021,United States,New York,Health,"['SequoiaCapital', 'ThriveCapital', 'SoundVentures']"
Ajaib,1.0,10/4/2021,Indonesia,Jakarta,Fintech,"['SoftbankVenturesAsia', 'AlphaJWCVentures']"
Licious,1.0,10/5/2021,India,Bengaluru,E-commerce & direct-to-consumer,['3one4CapitalPartners']
Masterworks,1.0,10/5/2021,United States,New York,Fintech,"['LeftLaneCapital', 'GalaxyInteractive']"
Chronosphere,1.0,10/7/2021,United States,New York,Data management & analytics,"['GreylockPartners', 'LuxCapital', 'GeneralAtlantic']"
Solo.io,1.0,10/7/2021,United States,Cambridge,Internet software & services,"['TrueVentures', 'AltimeterCapital']"
Swile,1.0,10/11/2021,France,Montpellier,Fintech,"['IndexVentures', 'IDInvestPartners', 'Daphni']"
Zopa,1.0,10/19/2021,United Kingdom,London,Fintech,"['IAGCapitalPartners', 'AugmentumFintech']"
Dental Monitoring,1.0,10/21/2021,France,Paris,Health,"['VitruvianPartners', 'MerieuxEquityPartners']"
CargoX,1.0,10/21/2021,Brazil,Sao Paulo,"Supply chain, logistics, & delivery","['ValorCapitalGroup', 'Lightrock', 'SoftbankGroup']"
Fabric,1.0,10/26/2021,United States,New York,"Supply chain, logistics, & delivery","['InnovationEndeavors', 'Aleph', 'Temasek']"
Augury,1.0,10/26/2021,United States,New York,Artificial intelligence,"['LererHippeau', 'MunichReVentures']"
Moka,1.0,11/2/2021,China,Beijing,Internet software & services,"['GGVCapital', 'GSRVentures', 'FreesFund']"
Tezign,1.0,11/2/2021,China,Shanghai,Internet software & services,"['SequoiaCapitalChina', 'LinearVenture']"
Vagaro,1.0,11/3/2021,United States,Dublin,Internet software & services,['FTVCapital']
Drata,1.0,11/8/2021,United States,San Diego,Cybersecurity,"['CowboyVentures', 'LeadersFund', 'GGVCapital']"
Razor,1.0,11/8/2021,Germany,Berlin,Consumer & retail,"['GlobalFoundersCapital', '468Capital']"
OpenWeb,1.0,11/9/2021,United States,New York,Internet software & services,"['InsightPartners', 'AltaIRCapital']"
Contrast Security,1.0,11/9/2021,United States,Los Altos,Cybersecurity,"['AceroCapital', 'GeneralCatalyst', 'M12']"
Wrapbook,1.0,11/10/2021,United States,New York,Fintech,"['EqualVentures', 'UncorkCapital']"
Gaussian Robotics,1.0,11/10/2021,China,Shanghai,Hardware,"['BlueRunVentures', 'GrandFlightInvestment']"
Mensa Brands,1.0,11/16/2021,India,Bengaluru,Other,"['Accel', 'FalconEdgeCapital']"
Heyday,1.0,11/16/2021,United States,Chicago,E-commerce & direct-to-consumer,"['KhoslaVentures', 'GeneralCatalyst']"
PLACE,1.0,11/17/2021,United States,Bellingham,Internet software & services,"['GoldmanSachsAssetManagement', '3L']"
Stytch,1.0,11/18/2021,United States,San Francisco,Cybersecurity,"['IndexVentures', 'Benchmark', 'ThriveCapital']"
Owkin,1.0,11/18/2021,United States,New York,Artificial intelligence,"['GoogleVentures', 'CathayInnovation', 'NJFCapital']"
Expel,1.0,11/18/2021,United States,Herndon,Cybersecurity,"['PaladinCapitalGroup', 'Greycroft']"
NoBroker,1.0,11/23/2021,India,Bengaluru,Internet software & services,"['GeneralAtlantic', 'ElevationCapital', 'BEENEXT']"
Slice,1.0,11/28/2021,India,Bengaluru,Fintech,"['GunosyCapital', 'BlumeVentures', 'DasCapital']"
Thought Machine,1.0,11/29/2021,United Kingdom,London,Fintech,"['BritishPatientCapital', 'SEBVentureCapital']"
Lessen,1.0,11/30/2021,United States,Scottsdale,Internet software & services,"['KhoslaVentures', 'GeneralCatalyst']"
Clara,1.0,12/6/2021,Mexico,Mexico City,Fintech,"['DSTGlobal', 'GeneralCatalyst', 'Monashees+']"
YipitData,1.0,12/6/2021,United States,New York,Internet software & services,"['RREVentures+', 'HighlandCapitalPartners']"
Anyscale,1.0,12/7/2021,United States,Berkeley,Artificial intelligence,"['AndreessenHorowitz', 'IntelCapital']"
Iodine Software,1.0,12/1/2021,United States,Austin,Data management & analytics,"['AdventInternational', 'BainCapitalVentures']"
ReliaQuest,1.0,12/1/2021,United States,Tampa,Cybersecurity,"['KKR', 'FTVCapital', 'TenElevenVentures']"
Pet Circle,1.0,12/7/2021,Australia,Alexandria,E-commerce & direct-to-consumer,"['PrysmCapital', 'BaillieGifford&Co.']"
